age,job,marital,education,default,housing,loan,contact,month,day_of_week,duration,campaign,poutcome,y
32,4,0,6,0,0,0,0,3,3,131,5,1,no
37,10,3,6,0,0,0,0,4,3,100,1,1,no
55,5,0,5,1,2,0,0,3,2,131,2,1,yes
44,2,1,0,1,0,0,1,4,3,48,2,1,no
28,0,2,3,0,0,0,0,5,0,144,2,1,no
45,10,1,2,0,0,0,0,1,0,126,3,1,no
55,0,0,6,0,0,0,0,7,0,189,1,1,yes
46,0,1,3,0,0,0,1,4,3,107,3,1,no
53,1,2,2,0,2,0,0,3,4,355,1,1,no
30,0,2,6,0,0,0,0,1,1,135,1,1,no
55,4,1,7,0,2,0,0,9,0,156,2,0,no
39,1,1,2,1,0,0,0,3,3,181,1,1,no
55,1,1,2,0,2,0,0,0,2,66,1,0,no
55,0,0,6,0,0,0,1,7,4,36,1,1,no
46,4,1,2,0,0,0,1,6,0,43,1,1,no
35,1,1,2,1,0,0,1,6,0,288,3,1,yes
43,6,1,6,0,2,0,0,5,1,264,2,2,no
37,6,1,3,0,0,0,1,6,0,554,5,1,no
30,9,1,5,0,2,2,1,4,1,82,1,1,no
55,5,1,3,0,0,0,0,7,1,554,2,0,yes
38,10,2,3,0,2,0,1,6,3,554,3,1,no
55,5,1,7,0,0,2,0,1,3,554,1,2,no
34,1,1,2,0,2,0,1,6,2,399,5,1,no
30,9,2,5,0,0,2,1,3,2,156,5,1,no
55,4,0,6,0,2,0,0,0,1,232,3,1,yes
34,1,1,0,0,2,0,1,6,1,102,1,1,no
33,9,0,5,0,2,0,1,6,1,110,2,1,no
44,4,1,2,0,0,0,0,6,3,296,1,1,no
43,7,1,0,0,2,0,0,7,1,92,1,1,no
34,0,1,6,0,2,0,0,6,1,304,1,1,no
41,0,1,3,0,2,0,0,7,1,353,1,1,no
48,1,1,2,1,0,0,1,4,0,81,5,1,no
41,7,1,2,0,2,2,1,6,3,296,1,1,no
28,1,2,1,1,2,0,0,6,3,387,3,1,no
36,7,1,3,0,2,0,1,6,2,81,1,1,no
30,1,1,2,0,2,0,1,6,1,123,5,1,no
43,2,1,6,0,0,0,1,6,2,177,2,1,no
50,1,1,0,1,0,0,0,1,4,157,2,1,no
45,9,0,5,1,2,0,0,1,0,36,5,1,no
34,9,1,3,0,2,2,0,7,2,116,1,1,no
39,9,1,5,0,1,1,0,3,4,68,3,1,no
33,1,1,1,0,0,0,1,3,4,292,1,1,no
34,1,1,2,0,0,0,1,4,1,157,5,1,yes
35,4,1,6,0,0,0,0,1,3,253,1,1,no
43,1,1,0,0,2,0,1,4,4,36,4,1,no
41,9,1,5,0,0,2,1,6,0,36,2,1,no
52,0,0,1,0,2,0,1,4,4,219,1,1,yes
46,0,1,3,1,2,2,1,6,1,358,3,1,no
53,2,0,6,0,0,0,1,7,1,247,1,1,no
51,6,1,2,0,2,0,1,6,2,162,2,1,no
37,6,1,2,0,0,0,1,6,0,327,1,1,no
39,0,2,7,0,0,0,1,6,3,411,1,1,no
39,4,0,6,1,2,0,1,6,3,205,2,1,no
42,1,1,2,0,2,0,1,4,0,516,5,1,no
32,0,1,3,0,0,0,0,7,3,464,3,1,no
26,7,2,2,1,2,0,0,6,3,191,1,0,no
49,1,1,7,1,0,0,1,4,4,112,4,1,no
49,0,0,2,0,2,0,1,6,2,312,3,1,no
46,0,0,2,0,2,0,1,6,2,56,2,1,no
35,9,1,5,0,2,2,1,6,0,36,2,1,yes
46,6,1,6,0,0,2,0,3,3,554,5,1,yes
29,7,2,6,0,0,0,1,6,0,332,1,1,no
55,4,1,0,0,0,0,1,6,3,325,3,1,no
47,4,1,0,1,2,0,0,7,4,117,1,1,no
29,7,1,3,0,2,2,0,6,3,380,1,1,no
26,9,2,6,0,0,2,0,3,4,109,3,1,no
26,0,1,7,0,0,0,0,5,2,359,1,0,no
28,9,1,6,0,2,0,0,3,4,321,1,1,no
26,9,1,5,0,0,0,1,6,2,260,1,1,no
34,0,1,5,0,2,0,0,1,4,276,3,1,no
39,9,1,6,1,2,0,0,1,0,207,4,1,no
37,0,2,6,0,0,0,0,1,2,105,1,1,no
33,7,1,0,0,0,0,1,6,2,402,1,1,no
32,1,2,2,0,2,0,0,7,2,75,2,1,no
38,1,1,2,0,0,0,1,4,4,333,1,1,no
46,0,1,6,1,0,0,0,1,3,123,2,1,no
39,1,1,1,1,0,0,0,6,3,132,1,1,no
27,0,2,6,0,0,0,0,6,0,86,1,2,no
30,0,1,6,0,2,2,0,0,2,554,2,1,no
32,1,2,0,0,2,2,1,4,1,156,1,1,no
36,1,2,1,0,2,0,0,7,3,330,1,1,no
50,0,1,3,0,2,0,0,0,1,554,2,1,no
27,9,2,6,0,2,0,0,1,2,250,3,0,no
44,1,0,2,0,2,0,1,6,4,166,1,1,no
55,5,1,6,0,0,0,1,1,1,133,1,1,no
55,1,1,7,1,2,0,0,1,0,286,1,1,no
55,5,1,6,0,2,2,1,0,1,89,5,1,no
29,0,2,3,0,2,0,0,9,2,216,1,2,no
38,9,1,3,0,2,0,0,3,3,554,5,1,yes
31,1,1,2,0,2,0,1,4,1,208,1,1,no
37,9,0,2,0,2,0,0,0,1,247,1,0,no
39,1,0,2,1,0,0,0,6,4,95,1,0,no
34,9,1,5,0,0,0,0,6,3,278,2,1,no
30,9,2,6,1,2,0,0,6,2,63,3,1,no
39,10,1,5,0,2,0,1,4,4,281,4,1,yes
26,1,2,3,0,2,0,0,3,3,214,1,1,no
40,0,0,6,0,2,0,0,0,2,194,2,1,no
30,6,2,6,0,2,0,0,9,3,191,1,1,no
34,0,0,6,0,0,0,0,7,2,493,2,0,no
44,4,1,3,1,2,0,0,3,1,102,5,1,no
38,2,1,1,0,0,0,0,4,3,271,1,2,no
29,0,2,3,0,0,0,1,3,4,38,1,1,no
33,9,1,3,0,0,0,0,1,3,398,2,1,no
29,4,2,6,0,2,0,1,7,4,103,1,1,no
29,1,2,1,0,0,0,0,1,0,260,3,1,no
54,4,0,6,0,0,0,1,6,1,554,2,1,no
51,0,1,3,0,2,0,0,7,1,89,1,1,yes
26,1,0,3,0,2,0,0,3,4,57,2,1,no
48,1,0,5,0,0,0,0,7,1,554,1,1,no
55,5,1,0,0,2,0,1,6,1,102,2,1,yes
30,1,1,0,1,0,0,1,6,0,142,3,0,no
55,1,1,2,1,0,0,1,6,4,150,1,1,yes
31,6,2,6,0,2,0,0,0,2,383,1,1,no
55,5,1,1,1,0,0,1,6,1,268,3,1,no
40,6,1,7,1,0,0,1,3,1,554,1,1,no
51,2,1,0,1,0,0,1,6,0,277,3,1,no
46,4,1,6,0,0,2,1,6,4,103,5,1,no
31,1,2,3,0,0,0,0,7,4,145,1,1,no
53,1,1,3,0,0,2,0,3,1,136,2,1,no
37,0,1,3,0,2,0,0,0,2,226,1,2,no
41,1,1,1,0,0,0,1,6,2,74,2,1,no
33,1,1,2,1,2,0,0,6,0,554,5,1,no
35,9,2,5,0,2,0,0,1,3,67,1,1,no
26,1,1,0,1,2,0,0,3,2,530,3,1,no
42,0,2,6,0,0,0,1,6,2,172,4,1,no
42,9,1,5,0,0,0,1,6,3,554,1,1,no
31,1,1,0,1,0,0,0,3,4,99,2,1,yes
55,5,1,5,0,1,1,0,8,2,181,1,2,no
26,8,2,3,0,2,0,0,6,2,47,3,1,no
27,0,0,3,0,2,0,1,6,3,206,2,1,no
26,4,2,6,0,2,0,1,6,1,165,2,1,no
42,6,1,0,1,2,0,0,3,0,126,3,1,no
55,7,1,0,1,2,2,0,7,0,119,1,0,no
32,0,2,6,0,2,2,0,1,4,72,2,1,no
28,0,2,3,0,0,2,0,3,0,63,5,1,no
41,0,2,3,0,0,2,1,6,1,111,1,1,no
30,7,1,3,0,2,0,0,3,0,554,1,1,no
47,1,0,2,1,0,0,1,6,4,159,2,1,no
30,0,2,3,0,2,0,0,6,2,464,2,1,no
55,1,1,1,1,0,0,0,3,3,232,4,1,no
55,5,1,0,0,2,2,0,3,0,67,2,1,no
40,9,1,3,0,2,0,0,7,4,118,1,1,no
40,0,1,6,0,0,0,0,1,4,53,3,1,no
50,1,1,0,0,2,0,1,6,3,206,1,1,no
39,1,1,1,1,0,2,0,3,2,122,1,1,no
37,1,3,1,1,0,2,1,6,0,36,2,1,no
33,0,0,3,0,0,0,1,6,3,190,1,1,yes
38,7,1,2,0,1,1,1,4,0,48,1,1,no
41,2,1,1,0,0,0,1,3,3,275,2,1,no
39,9,0,5,0,2,0,0,6,0,128,2,0,no
48,9,1,5,0,0,0,0,8,2,491,1,2,no
34,6,1,5,0,1,1,1,6,0,252,4,1,no
33,4,1,6,0,0,0,1,6,2,166,3,1,no
41,0,2,1,0,1,1,1,6,4,92,1,1,no
30,0,2,6,0,2,0,0,3,3,255,2,2,no
31,7,1,2,0,2,0,1,6,0,186,5,1,yes
39,3,1,5,0,2,0,0,1,0,192,2,1,yes
36,1,1,2,0,2,0,1,6,4,231,2,1,no
44,9,1,5,0,2,0,1,4,3,57,2,1,no
51,1,1,0,0,0,0,0,3,0,46,1,1,no
38,1,1,5,0,0,0,1,4,1,182,3,1,no
49,10,1,5,0,2,0,0,4,3,298,3,1,no
43,9,1,3,0,2,0,0,9,2,531,1,1,no
55,0,1,3,0,2,0,0,7,3,173,1,0,no
46,0,1,6,1,0,0,1,4,1,230,3,1,no
43,9,2,3,0,0,0,0,7,0,61,2,1,no
54,9,0,5,1,2,0,0,1,0,343,4,1,no
31,10,2,5,0,0,0,0,7,2,250,1,0,no
41,0,2,3,0,2,0,1,6,3,214,1,1,no
43,9,1,3,0,0,0,0,3,4,332,3,1,no
55,5,1,6,0,0,0,0,7,1,507,1,1,yes
48,9,0,5,0,0,0,0,3,4,127,2,1,no
43,4,1,7,1,0,2,0,0,2,36,1,1,no
55,5,1,1,0,0,0,0,6,1,233,2,1,yes
50,4,1,6,0,2,0,1,6,4,281,2,1,yes
39,1,2,0,0,1,1,0,6,4,554,3,1,no
34,0,2,3,0,0,0,0,0,3,231,1,1,no
38,0,1,1,0,0,0,0,3,2,169,5,1,no
26,9,1,2,1,0,0,1,4,4,554,1,1,yes
27,0,1,3,0,2,0,0,6,4,319,2,1,no
44,4,1,6,0,2,0,0,4,3,71,3,1,no
29,6,1,5,0,0,0,1,4,4,36,1,1,no
42,1,1,1,1,0,0,0,7,3,364,2,1,no
52,1,1,2,0,2,0,1,6,3,319,1,1,no
46,0,1,6,0,2,0,0,3,0,341,3,1,no
43,1,1,0,0,2,0,1,4,4,109,1,1,no
36,0,2,3,0,0,0,0,3,2,165,1,1,no
50,6,1,6,0,2,0,1,4,0,306,2,1,no
54,9,1,6,0,0,0,0,7,3,432,2,1,no
54,7,2,3,1,0,0,1,6,2,144,1,1,yes
37,9,2,5,0,0,0,0,1,2,120,1,1,yes
55,1,0,0,0,0,0,1,4,1,554,4,1,no
35,1,1,7,0,2,0,0,6,2,554,3,1,no
29,0,2,6,0,0,0,0,1,3,103,4,1,no
45,0,0,6,0,2,0,0,3,2,554,2,1,no
50,0,0,0,0,2,0,0,6,1,36,5,1,no
36,7,1,3,0,0,0,1,6,1,225,2,1,no
54,1,0,0,0,2,0,0,6,3,138,3,1,no
45,9,0,5,0,2,2,0,7,2,554,1,1,no
44,0,1,6,1,2,2,0,1,2,163,1,1,no
36,7,1,3,0,1,1,0,0,3,104,3,1,no
55,2,1,5,1,2,0,0,3,0,243,2,1,no
27,0,1,6,0,0,2,0,3,0,554,2,1,no
29,0,1,3,0,2,0,0,7,1,155,1,1,no
26,10,2,2,0,0,2,1,6,2,546,5,1,no
53,1,1,0,1,0,0,0,3,0,93,4,1,no
55,1,1,2,1,2,0,0,1,2,152,2,1,no
39,9,1,5,0,2,2,0,6,2,113,2,1,no
29,7,2,3,0,2,0,1,3,4,206,1,1,no
55,5,1,0,1,2,0,1,6,0,554,2,1,no
30,4,2,6,0,2,0,1,6,4,83,1,1,no
55,4,1,2,0,0,0,0,3,4,109,3,1,no
55,9,1,6,1,0,0,0,3,1,36,5,1,no
54,2,1,6,0,2,0,1,4,4,39,2,1,yes
35,1,2,2,0,2,0,0,6,4,181,1,1,no
55,4,1,6,1,2,0,0,3,2,212,1,1,no
30,0,2,6,0,0,0,0,6,3,113,1,2,no
35,7,2,0,0,0,0,1,6,3,329,1,1,no
38,0,2,2,0,2,0,0,7,1,554,1,0,no
33,9,2,2,0,0,0,0,7,3,61,3,1,no
26,9,2,6,0,2,0,0,8,0,374,1,1,no
35,0,2,6,0,2,0,1,7,3,263,2,1,no
31,6,1,6,0,2,2,0,7,1,60,1,0,no
31,9,2,6,0,2,2,0,3,2,328,1,1,no
34,0,1,6,0,2,0,1,3,0,126,4,1,no
30,0,2,6,0,0,0,0,3,2,257,2,1,no
49,7,1,3,0,2,0,0,1,3,158,2,1,no
27,6,2,6,0,0,0,0,1,1,241,2,1,no
37,1,1,0,0,0,0,0,6,2,345,1,1,no
48,7,1,7,0,0,0,0,7,1,51,1,1,no
52,0,1,6,0,2,0,0,1,3,469,1,1,yes
49,9,1,6,0,0,0,0,6,2,188,1,0,yes
46,1,0,2,0,2,0,1,6,0,133,1,1,no
38,1,1,3,0,0,0,1,4,1,358,3,1,no
48,0,0,3,0,2,2,1,4,2,554,2,1,no
31,9,2,5,0,2,0,0,3,3,77,3,1,no
33,1,1,2,1,0,2,1,4,3,321,1,1,no
42,0,0,6,0,2,0,0,1,1,91,5,1,no
34,1,1,2,0,2,0,1,6,3,355,2,1,no
31,1,2,2,0,0,2,0,3,4,85,2,1,no
48,9,0,5,0,2,2,0,3,4,232,1,1,no
34,1,1,2,0,0,0,1,4,0,114,5,1,no
37,4,2,6,0,0,0,0,0,1,161,1,0,no
55,2,1,6,0,0,0,0,9,3,170,1,0,no
55,0,1,1,0,2,0,1,6,3,210,3,1,no
55,5,1,0,1,2,0,0,6,4,205,1,0,no
55,6,1,6,0,2,2,0,1,3,554,4,1,no
38,7,1,1,0,2,0,0,7,2,88,2,1,no
48,1,1,5,0,0,0,1,6,1,219,2,1,yes
51,0,1,6,0,2,0,0,7,4,93,1,1,no
31,1,1,1,1,1,1,1,6,0,554,1,1,no
27,0,1,5,0,2,0,0,6,2,102,1,0,no
35,7,1,3,1,2,2,0,6,4,224,1,1,no
30,0,1,6,0,0,0,0,0,3,161,1,1,yes
39,2,1,5,0,2,0,0,7,2,195,3,0,no
34,0,1,6,0,0,2,1,6,1,165,2,1,no
29,0,2,6,0,2,2,0,1,4,153,3,1,no
55,4,1,6,0,2,0,0,4,3,114,3,1,no
32,7,2,3,0,0,0,1,4,1,223,2,1,no
50,0,0,2,0,0,0,1,6,0,145,4,1,no
47,7,2,2,0,0,0,0,3,1,64,2,1,no
36,9,1,5,0,0,0,0,1,1,554,3,1,yes
26,0,2,6,0,2,0,0,9,2,420,1,2,no
30,6,2,6,0,2,0,1,6,2,244,2,1,no
32,0,2,6,0,2,0,0,7,3,145,2,0,no
28,9,1,5,0,0,0,1,3,2,45,1,1,no
32,4,1,6,0,0,0,0,7,3,107,1,1,no
27,7,1,3,1,0,0,1,6,0,136,2,1,no
35,9,0,5,1,0,0,0,7,3,143,1,1,no
51,1,1,7,1,0,2,1,6,1,76,3,1,no
30,0,1,6,0,1,1,0,1,2,55,5,1,no
55,5,1,3,0,0,0,1,6,4,302,1,1,no
28,7,1,3,0,2,0,0,3,3,191,1,1,no
47,9,0,3,0,0,0,0,3,2,42,5,1,no
42,4,1,6,1,2,0,1,6,4,265,1,1,no
45,7,1,6,1,2,0,1,3,1,317,5,1,no
31,1,1,2,0,2,0,1,4,4,554,2,1,no
27,0,0,3,0,0,0,1,6,3,290,4,1,no
49,1,1,0,1,2,0,0,3,3,56,3,1,yes
26,8,2,3,0,0,0,0,1,2,185,2,2,no
43,1,1,0,1,1,1,0,6,1,485,2,1,no
30,1,2,0,1,0,0,1,4,1,554,1,1,no
41,0,1,6,0,2,0,0,1,0,36,5,1,no
27,7,2,3,0,0,0,0,3,2,129,2,1,no
34,1,1,2,0,0,0,0,7,3,54,1,0,no
52,9,1,5,0,2,2,0,9,3,77,1,1,no
48,7,1,3,1,2,2,0,1,4,190,1,1,no
36,1,1,2,0,2,0,0,6,3,415,1,1,no
55,3,0,1,1,2,0,0,6,3,130,1,1,no
29,0,1,6,0,2,0,0,6,4,126,2,0,yes
26,0,2,6,0,1,1,0,4,3,554,2,1,no
53,6,1,6,0,2,0,0,7,0,61,4,1,no
45,1,1,0,0,0,0,1,6,1,101,1,1,yes
55,5,1,7,0,0,0,0,0,2,117,1,1,no
33,1,1,2,1,2,0,0,6,2,554,3,1,no
36,0,1,6,0,2,2,0,1,0,96,1,0,no
48,6,1,3,0,2,0,0,1,0,175,1,1,no
41,4,1,7,0,2,0,1,4,0,143,2,1,no
30,6,2,6,0,2,2,0,1,4,131,3,1,no
27,0,1,5,0,2,0,0,6,2,444,1,1,no
48,2,1,2,0,2,0,0,3,4,44,5,1,no
26,7,2,5,0,0,0,0,3,3,363,1,0,no
47,9,2,7,0,0,0,0,3,3,117,2,1,no
27,6,2,6,0,0,2,1,4,0,100,4,1,no
35,10,2,1,1,2,0,0,7,3,76,1,1,yes
46,1,0,1,0,1,1,1,4,2,45,5,1,no
35,4,2,6,0,2,0,0,3,3,554,5,1,no
31,9,1,5,0,0,0,0,1,1,36,1,1,no
26,7,2,3,0,2,0,0,6,0,53,2,1,no
55,1,1,5,0,1,1,1,6,0,340,1,1,no
46,6,1,6,0,0,2,0,1,2,432,3,1,no
55,5,1,0,1,2,0,0,8,0,476,1,2,no
52,10,1,7,0,0,0,1,6,1,472,3,1,no
37,1,0,2,0,2,0,0,3,2,554,4,1,no
48,1,2,0,0,0,2,0,3,3,271,1,1,no
45,0,1,3,0,2,0,0,1,2,41,1,1,no
54,9,1,3,0,2,0,0,3,3,187,4,1,no
27,1,1,1,1,2,0,1,4,1,235,1,1,no
33,9,2,5,0,2,0,0,6,4,519,2,0,no
47,7,1,2,0,2,0,0,0,2,554,3,1,no
42,1,1,2,0,2,0,0,3,2,57,3,1,no
30,0,2,6,0,2,0,1,6,2,68,1,1,no
26,4,2,6,0,0,0,1,4,0,554,1,1,no
43,0,1,3,0,2,2,0,3,1,183,3,1,no
38,9,1,5,0,2,0,0,1,3,124,3,1,no
35,1,1,0,0,2,0,0,0,0,98,1,1,no
32,1,1,3,0,2,0,0,7,4,104,1,1,yes
55,1,1,0,1,2,0,1,6,0,334,1,1,no
33,6,1,1,0,0,0,1,6,0,554,5,1,no
34,0,2,3,0,2,0,0,6,0,554,2,1,no
41,6,1,6,0,2,0,1,6,0,150,5,1,no
41,0,1,3,0,0,0,1,4,2,152,2,1,no
35,6,1,6,0,2,0,0,4,2,269,1,1,no
32,0,2,6,0,2,0,1,7,0,135,1,1,no
40,9,0,6,0,0,0,0,1,3,207,3,1,no
26,8,2,0,0,2,0,0,6,2,220,1,0,yes
45,4,1,3,1,2,0,0,1,4,228,1,1,no
34,0,2,6,0,0,0,0,7,2,169,1,2,no
33,0,1,6,0,0,0,0,1,4,140,1,1,yes
32,3,1,0,0,2,0,1,6,2,325,1,1,no
33,9,2,6,0,0,0,0,1,0,120,1,1,no
35,9,2,6,0,0,0,0,1,2,165,1,1,no
55,2,0,6,0,1,1,0,0,4,121,2,0,no
31,1,1,1,0,0,0,0,3,0,255,2,1,no
42,2,1,3,0,2,0,1,6,0,81,1,1,no
34,4,1,6,0,2,0,1,7,2,36,1,1,no
37,1,1,2,0,0,0,0,6,0,65,2,0,no
54,6,1,2,0,0,2,0,7,3,72,1,1,no
35,0,2,6,0,2,0,1,6,3,153,1,1,no
51,9,1,5,0,2,0,0,0,2,341,1,1,no
47,1,1,1,0,2,0,1,4,2,554,1,1,no
49,0,2,3,0,2,0,0,3,3,554,1,1,no
44,1,1,3,0,0,0,1,6,4,250,4,1,no
39,4,2,6,0,2,0,1,4,2,160,5,1,no
55,3,1,1,1,2,0,1,6,3,121,2,1,no
44,3,1,2,1,2,0,1,6,1,118,4,1,no
28,0,2,3,0,0,0,0,5,0,347,2,1,no
31,9,2,5,0,0,0,0,1,2,511,1,1,no
43,1,1,0,0,2,0,0,0,1,268,1,1,no
48,1,1,0,0,1,1,1,3,1,360,3,1,no
39,0,1,6,0,2,0,1,4,2,138,1,1,no
55,3,1,0,0,2,0,0,7,0,66,1,1,no
34,0,2,6,0,0,0,0,1,1,299,3,1,no
39,2,0,3,0,0,0,1,6,4,52,2,1,no
55,5,2,3,0,0,0,1,4,3,136,4,1,yes
47,4,1,6,0,2,2,0,1,1,57,2,1,no
35,9,1,7,1,0,0,1,6,2,554,2,1,no
44,10,1,3,1,2,0,0,1,4,209,1,1,no
41,2,1,0,0,0,0,0,3,1,531,1,1,no
32,0,2,6,0,0,0,0,6,0,61,4,1,no
33,1,1,2,0,2,0,1,6,4,166,1,1,no
49,0,1,6,0,2,2,1,4,2,185,2,1,no
29,1,2,2,0,2,0,1,6,3,330,2,1,no
38,1,2,2,0,0,2,0,6,4,222,2,0,no
42,9,1,2,0,0,0,0,7,1,295,1,1,no
30,4,2,3,0,0,2,0,7,3,322,1,1,no
26,1,1,2,0,2,2,1,6,0,101,5,1,no
55,11,2,7,1,2,0,1,6,3,211,1,1,no
40,9,1,5,1,2,0,0,3,2,554,5,1,no
26,1,1,0,0,2,0,0,3,2,144,1,1,no
29,0,1,6,0,2,2,0,1,1,164,1,1,no
43,1,1,1,1,2,0,0,0,0,36,4,1,no
35,0,2,3,0,0,0,0,6,3,107,2,0,no
40,4,0,6,0,2,0,0,4,4,117,1,1,no
55,5,1,3,0,0,0,0,2,2,155,1,2,no
27,0,2,7,0,0,0,0,5,1,291,1,0,no
42,0,2,3,0,0,0,1,3,2,229,4,1,no
50,0,1,3,0,2,0,1,6,3,36,5,1,no
32,0,1,6,0,2,0,1,6,2,151,5,1,no
35,6,2,6,0,2,0,0,3,4,554,1,1,no
26,6,2,6,0,0,0,1,6,2,241,3,1,no
26,1,2,2,1,2,0,1,6,1,260,5,1,no
29,10,1,6,0,1,1,0,3,2,177,2,1,no
26,8,2,3,0,2,2,0,6,1,554,3,1,no
55,5,0,3,0,2,0,0,3,4,173,4,1,no
41,0,2,3,0,2,2,1,6,4,166,2,1,no
32,1,1,2,0,0,0,0,0,0,208,1,0,no
55,4,1,6,0,2,0,1,6,1,364,1,1,no
55,0,1,3,0,2,0,0,1,4,554,2,2,no
38,9,1,5,0,2,0,1,7,3,205,1,1,no
38,7,1,3,0,2,0,0,0,1,36,3,1,no
29,7,1,3,1,1,1,1,6,4,159,1,1,no
41,1,1,2,0,0,0,0,0,3,161,1,0,yes
38,6,1,2,0,2,0,1,6,0,103,5,1,no
38,4,2,6,0,0,0,1,3,4,284,5,1,no
51,0,1,6,1,2,0,0,1,3,147,2,1,no
29,1,2,3,0,2,0,1,3,0,52,4,1,no
33,9,1,2,0,0,0,1,6,1,154,2,1,no
41,4,1,6,0,2,0,0,7,3,54,2,1,no
46,0,2,6,1,2,0,0,3,2,153,1,1,no
37,9,2,6,0,0,0,1,6,2,156,5,1,no
38,11,1,7,0,2,0,0,1,2,44,3,1,no
55,5,1,0,0,2,0,0,0,4,104,1,0,yes
46,0,1,2,1,2,0,1,4,2,70,1,1,no
55,0,1,6,0,2,0,0,1,3,153,4,1,no
26,8,2,3,0,2,0,0,6,3,113,2,0,no
36,0,2,3,0,2,0,1,4,3,281,1,1,no
50,10,1,2,1,0,0,0,1,2,74,4,1,no
28,1,2,2,0,0,0,1,4,3,138,1,1,no
30,0,1,6,0,2,2,0,6,1,554,4,1,no
55,5,1,3,0,2,0,1,6,3,554,5,1,no
49,1,2,1,0,2,0,1,6,4,148,4,1,no
32,0,2,5,0,0,2,0,6,0,36,4,1,no
55,5,1,3,1,2,0,1,4,0,554,3,1,no
27,10,1,3,0,0,2,0,7,3,222,3,0,no
51,0,1,6,0,0,0,0,7,3,143,1,1,yes
39,0,1,5,0,2,2,1,6,4,72,1,1,no
27,0,1,6,0,1,1,0,4,1,459,1,0,no
55,5,0,0,0,0,0,0,9,2,268,1,2,no
40,7,1,3,1,0,0,0,4,4,157,1,1,no
43,10,1,6,1,1,1,1,6,3,87,2,1,no
48,4,0,6,1,0,0,0,6,2,86,2,0,no
54,0,1,3,0,2,0,0,1,0,107,1,1,no
54,5,1,3,0,2,0,0,3,2,154,1,1,no
32,7,1,3,0,0,0,0,6,3,106,1,1,no
31,2,0,3,0,2,0,1,6,3,168,1,1,no
40,7,0,3,0,2,0,1,0,0,501,3,1,no
34,7,1,3,0,0,0,0,6,2,353,5,0,no
38,9,0,3,0,0,0,1,7,4,59,5,1,no
37,1,1,2,0,2,0,0,6,4,345,1,1,no
55,9,1,5,0,2,0,0,0,3,324,1,1,no
32,9,0,5,0,2,0,1,3,4,36,1,1,yes
38,1,1,5,0,2,0,1,6,0,37,3,0,no
37,7,1,3,0,2,0,1,6,2,58,2,1,no
55,11,1,6,0,2,0,0,1,4,164,1,1,no
26,9,2,5,0,2,0,0,0,0,378,1,1,no
51,4,1,3,1,0,0,0,1,4,158,1,1,no
40,1,1,3,1,2,0,1,6,1,98,1,1,no
45,7,1,5,0,0,0,1,1,2,64,5,1,no
55,1,1,2,0,0,0,0,0,3,304,1,1,no
27,1,2,2,0,2,0,0,3,2,402,1,1,no
35,0,1,3,0,0,0,0,3,2,490,5,1,yes
47,9,1,5,1,0,2,1,6,1,68,1,1,no
29,0,2,6,1,0,2,1,4,3,554,2,1,no
29,0,2,6,0,2,2,0,6,4,74,2,1,yes
33,1,1,2,0,2,0,0,3,2,36,5,1,no
29,1,1,3,0,0,0,1,6,4,357,2,1,no
51,3,1,0,0,2,0,0,3,1,118,3,1,no
26,1,2,2,1,0,0,1,3,4,173,4,1,no
39,0,1,6,0,1,1,1,6,4,513,2,1,yes
26,8,2,3,0,0,0,0,1,1,123,1,1,yes
54,1,1,0,1,2,0,0,1,4,60,1,1,no
26,8,2,3,1,2,0,0,6,1,160,2,1,no
36,1,2,1,0,2,0,1,6,0,56,2,1,no
29,1,1,2,0,0,0,1,6,1,65,5,1,no
37,9,1,5,1,0,0,1,3,1,237,2,1,no
45,1,0,2,0,0,0,0,3,1,399,4,1,no
36,4,1,6,0,0,0,0,6,0,268,1,1,no
51,1,0,0,0,0,0,1,6,3,360,1,1,no
42,9,2,7,0,2,0,0,1,3,158,1,0,no
29,7,2,3,0,2,2,0,4,4,431,2,0,no
55,5,1,5,0,2,0,1,1,1,411,1,1,yes
28,1,1,0,0,0,2,0,6,4,135,2,0,no
43,9,1,3,0,0,0,0,3,4,322,4,1,no
55,0,0,7,0,0,0,0,2,4,205,1,1,yes
33,0,1,6,0,2,2,0,1,0,554,1,1,no
31,2,2,6,0,2,0,0,7,2,228,1,1,no
34,4,1,3,0,0,0,1,6,1,221,4,1,no
41,0,1,3,0,0,0,0,6,4,64,1,0,no
55,1,2,1,0,2,0,0,7,3,204,2,1,no
44,7,0,2,0,0,0,0,3,3,554,3,1,no
46,8,2,7,0,2,0,0,3,0,554,5,1,no
30,1,1,7,0,0,2,1,4,3,118,2,1,no
35,9,1,5,0,0,0,1,6,3,262,3,1,no
54,0,1,6,0,2,0,0,4,2,151,1,1,no
34,0,2,1,0,0,0,0,6,2,36,5,1,yes
43,1,1,7,1,0,2,1,6,4,73,1,1,no
55,0,1,3,1,0,0,0,3,4,120,4,1,no
40,9,0,5,0,2,0,0,1,2,247,1,1,no
35,0,2,3,0,2,0,0,7,1,139,1,1,yes
34,0,1,6,1,0,0,1,4,3,133,3,1,no
42,1,0,0,1,2,0,1,6,2,106,1,1,no
45,7,0,0,0,0,2,0,0,2,554,1,0,no
47,4,0,6,0,2,0,1,4,0,99,2,1,no
26,7,0,5,0,0,0,1,6,1,241,1,1,no
54,0,1,6,0,0,2,0,7,3,98,4,1,no
33,0,2,6,0,2,0,0,3,1,175,4,1,no
55,9,1,2,0,2,0,1,4,1,215,3,1,no
28,6,2,3,0,0,0,0,3,2,63,5,1,no
34,7,1,3,0,2,2,1,6,3,554,1,1,yes
55,9,1,3,0,0,0,1,6,4,315,1,1,no
27,7,2,6,0,0,0,0,5,0,212,1,1,no
42,9,0,6,0,2,0,0,1,1,57,2,1,no
53,1,1,0,0,0,2,1,4,0,36,5,1,no
26,1,1,2,1,0,0,0,6,2,273,4,1,no
55,4,1,6,0,2,0,0,6,1,126,2,1,no
45,2,1,0,0,1,1,1,7,3,67,5,1,no
33,9,2,6,0,2,0,0,1,2,36,5,1,no
50,9,1,3,0,2,0,0,2,1,229,1,0,yes
30,0,2,6,0,0,0,0,3,3,212,1,2,no
30,9,2,2,0,0,0,0,6,1,63,1,1,yes
28,9,2,5,0,2,0,1,6,0,65,5,1,no
32,9,0,5,0,0,2,0,6,0,168,1,1,no
36,9,1,3,0,2,0,0,7,1,38,1,0,no
48,9,1,6,0,0,0,0,7,3,346,1,1,no
31,1,2,3,0,2,0,1,4,3,113,3,1,no
33,1,2,6,0,2,2,0,6,4,389,4,1,no
44,4,1,2,0,2,0,0,1,3,100,5,1,no
36,2,2,0,0,0,0,0,4,3,185,1,1,no
40,4,1,3,0,2,2,1,6,3,265,2,1,no
30,2,2,6,0,0,0,0,7,2,251,1,1,no
55,5,1,2,0,2,0,0,6,4,267,1,0,no
50,2,1,6,0,0,0,1,4,3,424,2,1,no
55,7,2,3,0,2,0,0,7,0,219,2,0,no
45,1,0,5,1,0,0,0,3,4,176,1,1,no
52,0,0,6,0,0,0,0,7,3,213,1,1,no
41,1,1,2,1,2,2,1,6,4,44,3,1,no
44,11,1,6,0,2,0,0,1,1,263,2,1,no
50,3,2,7,0,2,0,1,6,3,473,1,1,no
44,0,0,6,1,2,2,1,6,3,273,1,1,no
29,9,2,6,0,0,0,0,3,4,259,1,1,no
33,0,1,6,0,2,0,0,7,3,51,1,1,no
30,1,1,3,0,2,2,0,7,0,36,5,1,no
52,1,1,2,1,2,0,1,6,1,317,1,1,no
31,7,1,1,0,0,0,1,6,2,554,2,1,no
40,0,1,3,0,0,0,1,6,1,160,3,1,no
46,1,1,2,1,0,0,1,6,2,346,5,1,yes
43,2,1,0,0,2,0,1,6,2,199,1,1,no
32,0,1,6,0,0,0,0,4,3,554,1,1,no
32,1,2,0,0,2,0,0,6,3,554,2,0,no
34,6,2,6,0,2,0,0,3,4,159,1,1,no
49,9,1,5,1,0,0,0,3,0,394,2,1,no
26,8,2,2,0,2,0,0,0,3,299,1,1,no
49,7,1,3,0,0,0,0,7,3,48,1,0,no
53,7,1,6,0,0,0,1,6,0,45,2,1,no
51,7,1,3,1,2,0,1,4,0,41,5,1,no
27,7,1,6,0,2,0,0,6,3,109,1,1,no
31,0,2,6,0,2,0,0,7,4,228,1,1,no
55,5,1,1,0,2,0,0,1,2,267,1,1,no
55,1,1,0,1,2,2,1,6,0,163,2,1,yes
51,0,1,5,0,2,0,0,3,2,132,1,1,yes
42,10,2,0,1,2,0,1,6,4,51,1,1,no
55,5,1,0,0,2,0,0,1,4,83,3,1,no
30,2,2,6,0,0,0,0,3,2,361,2,1,no
49,4,1,6,0,2,0,0,7,3,37,1,0,no
38,4,1,7,0,0,0,1,6,2,36,5,0,no
47,4,1,6,0,2,0,0,7,4,168,1,1,no
28,6,1,6,0,0,0,0,3,4,86,3,1,no
31,9,2,6,0,2,0,0,6,1,120,2,1,no
55,3,0,7,1,2,0,1,6,3,376,3,1,no
50,0,2,6,0,2,0,0,7,2,222,1,1,no
40,1,1,1,1,2,0,1,6,4,68,3,1,no
36,4,1,6,0,2,0,1,6,4,554,2,1,no
41,7,1,7,0,0,0,1,4,2,139,2,1,yes
40,1,1,2,0,2,0,1,6,0,236,2,1,yes
31,1,1,5,0,2,0,0,3,3,95,1,1,no
47,4,1,6,0,0,0,0,7,1,135,1,1,no
31,0,1,3,0,2,0,1,6,4,160,1,1,no
37,9,2,6,0,2,0,0,4,3,96,1,1,no
40,1,1,0,0,0,0,0,7,3,103,5,1,no
43,7,1,3,1,2,0,1,4,0,139,2,1,no
51,4,1,2,0,2,0,1,3,4,208,2,1,no
55,5,1,2,0,0,0,0,8,4,237,1,1,no
55,3,1,5,0,2,0,0,1,3,98,5,1,no
26,8,2,3,0,0,0,0,1,0,133,1,1,no
37,1,1,1,1,0,0,0,3,4,77,1,1,no
30,1,2,3,0,0,0,0,7,1,94,1,0,no
36,7,1,3,1,2,0,1,6,4,376,2,1,no
30,4,2,6,0,2,0,1,4,4,66,1,1,no
31,7,2,3,0,0,0,1,6,0,76,3,1,no
50,1,1,0,1,2,0,1,6,2,100,5,1,no
33,0,2,6,0,0,0,0,1,4,162,1,1,no
36,9,2,6,0,0,0,0,1,0,148,5,1,no
36,1,1,2,0,0,2,0,7,3,160,3,1,no
55,10,0,6,1,2,0,1,6,0,98,1,1,no
32,1,1,2,0,2,2,0,3,0,396,3,1,no
38,0,1,3,0,2,0,1,6,2,260,5,1,no
36,0,0,6,1,2,0,0,1,1,58,2,1,no
45,10,1,6,0,2,0,0,1,1,211,3,1,no
44,0,2,6,0,0,0,0,1,2,492,1,0,no
36,1,0,3,0,0,0,0,5,1,96,2,0,no
31,0,1,6,0,0,0,0,7,4,554,2,1,no
52,7,1,3,0,0,2,1,4,1,359,5,1,no
40,4,2,6,0,0,0,0,7,2,549,1,1,no
46,1,1,2,0,0,0,0,7,3,281,1,1,no
55,6,1,5,0,2,0,1,6,4,84,2,1,no
35,9,1,5,0,2,2,1,1,2,36,3,1,no
36,0,0,3,0,2,2,1,4,0,354,5,1,no
35,7,2,3,0,2,0,1,6,0,523,1,1,no
33,9,1,6,0,2,0,0,6,1,182,1,1,yes
28,7,1,3,1,2,0,1,6,4,322,2,1,no
43,9,1,2,0,2,0,0,3,2,50,1,1,yes
53,1,1,3,1,0,2,1,6,2,109,1,1,no
36,0,0,6,0,0,2,0,7,2,56,2,1,no
28,0,2,6,0,0,0,0,3,3,36,3,1,no
31,0,2,6,0,0,0,1,6,4,89,2,1,no
32,1,1,2,0,2,0,1,7,3,47,1,1,no
31,0,2,6,0,0,2,0,1,3,358,1,1,no
40,2,1,5,1,2,0,0,0,2,176,1,0,no
29,0,1,6,0,2,0,0,6,1,93,2,1,no
55,4,0,6,0,2,0,1,6,1,56,5,1,no
39,9,0,3,0,2,0,0,6,0,36,5,0,no
46,1,2,5,0,0,0,1,6,4,36,5,1,no
32,9,0,5,0,2,0,0,7,3,250,1,1,no
39,1,1,2,0,0,0,0,1,4,394,1,1,yes
26,1,2,2,0,2,0,1,4,4,507,2,1,no
27,7,2,3,1,0,0,1,6,0,108,2,1,no
40,7,1,3,0,2,0,0,7,2,90,3,2,no
32,9,0,5,0,2,2,1,3,0,99,1,1,no
53,1,2,2,0,2,0,1,4,1,91,3,1,no
43,9,1,5,0,0,0,1,6,0,265,2,1,no
26,0,2,6,0,2,0,0,6,1,365,5,1,no
34,0,2,6,0,2,0,0,1,1,432,1,1,no
32,0,2,6,0,2,0,0,1,1,246,1,1,no
38,1,1,2,0,2,0,1,6,3,276,2,1,no
47,0,1,6,0,0,0,0,1,1,97,1,1,yes
38,0,2,6,0,1,1,0,0,1,147,2,1,no
30,4,1,6,0,1,1,1,6,4,178,1,1,no
51,10,1,5,1,0,0,1,6,4,554,2,1,no
55,5,1,0,0,0,0,0,3,0,273,1,1,no
45,4,1,6,1,0,0,0,3,4,225,2,1,no
40,9,1,5,0,0,0,0,1,3,348,1,1,no
29,9,2,3,0,0,0,0,6,2,62,4,0,no
44,1,1,0,1,2,0,0,1,2,283,3,1,no
42,6,1,6,0,2,0,0,4,4,436,1,2,no
33,9,1,6,0,2,0,0,3,2,52,5,1,no
37,7,1,3,0,0,0,1,4,0,152,3,1,no
42,6,1,6,0,2,0,0,7,0,554,3,1,no
55,5,1,7,0,2,2,0,0,2,96,1,1,no
26,9,2,3,0,0,2,0,6,2,554,1,1,no
28,0,2,6,0,2,0,0,3,2,554,3,1,no
32,1,2,3,0,2,0,0,3,2,110,3,1,no
55,5,1,0,0,0,0,0,7,3,71,2,0,no
55,5,0,1,0,0,0,0,5,2,85,1,1,no
46,5,1,2,1,2,0,0,1,4,394,3,1,no
48,4,1,6,0,0,0,0,1,3,156,1,1,no
53,1,1,0,0,2,0,1,6,1,136,1,1,no
48,1,1,3,1,0,0,1,6,2,202,4,1,no
53,5,0,3,0,2,0,1,6,4,111,3,1,no
55,0,0,6,0,2,0,0,5,3,236,1,1,no
30,4,2,2,0,2,0,0,6,0,253,4,1,no
35,1,1,2,0,2,0,1,3,1,36,3,1,yes
34,9,0,5,0,2,2,0,6,0,296,2,1,no
54,0,1,6,1,0,0,0,3,0,67,3,1,no
53,4,0,6,0,0,0,0,4,1,345,1,1,no
39,9,2,3,0,2,0,1,3,4,233,5,1,no
33,9,1,3,0,2,2,0,1,1,85,3,1,no
48,9,1,3,0,0,0,0,1,4,58,3,1,no
54,4,1,2,0,2,0,1,6,0,398,5,1,no
51,1,0,0,0,2,0,0,6,3,314,4,1,no
33,1,1,2,0,2,0,0,7,3,184,1,1,no
34,9,1,6,0,0,0,1,6,4,198,3,1,no
54,9,0,2,1,0,0,1,6,0,287,4,1,no
55,5,1,0,0,0,0,0,6,1,382,1,2,no
39,9,2,5,0,0,0,0,6,4,143,1,0,no
30,1,2,1,0,2,0,1,6,0,72,3,1,no
41,1,1,2,0,0,0,0,6,0,491,1,0,no
39,1,1,0,0,2,0,0,3,2,71,1,1,no
32,4,2,6,0,2,0,0,5,3,71,3,1,no
36,0,2,3,1,2,2,0,3,1,393,5,1,no
34,9,0,2,0,0,0,1,4,4,156,3,1,no
46,4,2,6,0,2,2,0,7,2,292,2,1,no
32,9,2,5,0,0,0,0,0,1,62,1,0,no
33,10,1,3,1,2,2,0,3,4,285,5,1,no
55,5,1,3,1,0,0,1,6,4,294,2,1,no
31,9,1,6,1,0,0,0,1,4,132,2,1,no
51,9,1,5,1,0,0,1,6,2,337,1,1,no
36,1,1,2,1,0,2,1,4,1,280,2,1,no
29,9,2,5,0,2,0,0,6,1,487,1,1,no
45,7,2,5,1,0,0,1,6,4,225,4,1,no
51,0,1,6,0,0,0,1,3,1,172,4,1,no
55,9,0,2,0,0,0,1,4,2,72,1,1,no
26,10,1,3,0,2,2,0,3,2,85,3,1,no
41,7,1,2,0,0,0,1,6,3,335,1,1,no
27,1,2,2,0,0,0,0,6,0,554,5,1,no
45,0,1,3,0,2,0,1,4,3,174,2,1,no
36,1,2,3,0,0,0,1,6,2,164,3,1,no
29,7,1,2,0,0,0,0,7,2,517,1,1,no
39,0,1,6,0,0,0,0,6,0,301,1,0,no
35,1,1,1,0,0,0,0,6,0,69,3,0,no
45,7,0,3,0,0,0,0,6,1,36,5,0,no
33,0,2,6,0,2,0,0,0,1,143,2,0,no
35,6,1,6,0,0,0,1,6,1,293,1,1,no
55,2,0,3,1,2,0,1,4,2,554,2,1,no
29,9,1,5,0,2,0,0,7,3,54,2,1,no
55,9,1,7,0,0,0,1,4,0,49,2,1,yes
43,1,1,2,0,0,0,1,6,3,554,2,1,no
38,0,2,6,1,2,0,1,6,3,269,1,1,no
40,0,1,6,1,2,0,1,6,1,163,1,1,no
26,8,2,3,0,2,0,0,3,4,349,1,1,no
53,1,1,0,0,0,0,1,6,2,198,3,1,no
33,7,1,3,0,1,1,0,6,0,333,1,0,no
50,0,1,2,0,0,0,1,6,2,554,2,1,no
36,4,1,6,0,2,0,0,6,2,128,1,1,no
29,4,2,2,0,0,0,0,3,0,554,2,1,no
39,7,1,3,1,2,0,1,6,3,399,2,1,yes
29,0,1,3,0,2,0,0,7,0,140,1,1,no
34,9,1,6,0,0,0,1,4,0,288,5,1,no
39,6,1,3,0,2,0,0,6,1,36,5,1,no
39,9,1,5,0,0,0,0,1,2,129,1,1,no
28,1,2,3,0,2,0,1,4,1,102,2,1,yes
33,9,1,6,0,0,0,1,3,4,36,5,1,no
37,0,1,3,0,2,0,0,0,0,207,1,1,no
28,1,2,2,0,2,0,0,0,2,106,3,1,no
42,0,1,6,0,0,2,0,1,0,81,5,1,no
31,4,1,6,0,2,0,0,3,1,554,3,1,no
34,0,2,6,0,0,0,0,6,0,134,2,1,no
44,1,1,2,1,2,2,1,4,0,175,2,1,no
55,4,1,6,0,0,0,0,1,0,511,3,1,no
46,11,1,7,0,0,2,0,1,4,299,2,1,no
53,6,1,6,1,2,0,0,7,4,70,4,1,no
43,7,1,1,1,2,0,0,3,1,65,4,1,no
30,9,2,3,0,2,0,0,1,2,77,5,1,no
26,9,2,5,1,0,0,0,6,0,232,2,1,yes
38,9,1,5,1,0,0,0,7,4,554,1,1,yes
36,1,1,2,0,2,0,1,6,2,90,2,1,yes
51,7,1,7,0,2,0,1,6,2,151,1,1,no
38,3,1,2,0,2,2,1,4,0,173,2,1,no
29,0,2,3,0,2,2,0,4,1,89,2,1,no
31,9,2,5,0,0,2,0,1,0,142,1,1,no
35,6,1,6,0,2,0,0,3,1,192,3,1,no
46,1,1,0,1,2,0,1,6,3,554,2,1,yes
28,1,1,2,0,2,0,0,3,1,225,3,1,no
36,0,1,3,0,0,0,0,5,3,168,1,1,no
34,0,1,3,0,0,2,0,9,4,214,2,1,no
53,6,1,6,0,0,2,0,6,4,141,3,2,no
52,9,0,5,0,2,0,0,1,3,36,5,1,no
32,9,2,6,0,2,0,0,1,0,166,3,1,no
29,0,2,6,0,2,0,0,1,0,554,5,1,no
33,1,1,2,0,2,2,0,7,1,94,1,1,no
26,8,2,0,0,2,0,0,6,3,137,1,1,no
37,0,2,7,0,0,0,1,3,3,74,5,1,no
42,0,1,6,1,2,0,1,6,4,103,4,1,no
34,9,0,5,0,2,0,0,6,0,36,5,0,yes
47,7,2,1,1,0,2,0,6,0,307,1,1,no
45,0,1,6,0,0,0,0,3,4,194,1,2,no
41,1,2,2,0,0,0,0,6,0,195,1,1,no
33,9,1,6,0,0,0,0,3,2,89,4,1,no
55,5,0,3,1,2,0,1,6,3,193,1,1,yes
29,9,2,6,0,2,0,1,1,2,226,3,1,no
29,7,2,3,0,0,0,0,6,2,138,1,1,no
35,1,1,1,1,2,0,0,6,0,554,2,1,no
40,0,0,3,0,2,0,0,6,2,123,1,1,no
33,9,1,5,0,2,2,0,3,3,110,5,1,no
29,0,2,6,1,2,0,0,1,3,158,5,1,no
36,4,0,3,0,0,0,1,6,1,144,5,1,no
33,9,1,5,0,0,0,1,4,1,220,4,1,no
30,6,2,2,0,0,2,1,8,1,36,1,1,no
44,4,1,3,1,2,0,0,3,1,418,1,1,no
53,11,1,3,1,0,0,1,6,4,249,2,1,no
31,1,1,2,0,2,2,0,7,1,257,2,1,no
28,0,2,6,0,2,0,1,3,2,310,2,1,no
52,1,1,2,1,2,0,0,6,1,201,2,1,yes
26,7,2,3,0,0,0,0,3,1,98,1,1,yes
38,4,2,2,1,2,0,0,7,2,554,2,1,no
30,6,1,6,0,2,0,1,3,2,148,5,1,no
42,6,1,6,0,2,0,1,3,2,554,5,1,no
34,0,2,6,0,0,0,0,4,1,151,1,0,no
49,1,0,0,1,0,0,1,4,4,122,5,1,no
33,11,1,7,1,2,0,0,1,3,229,2,1,no
53,0,0,6,0,0,0,0,5,2,554,1,1,no
52,3,1,1,0,2,0,0,1,3,112,1,1,no
29,9,1,5,0,2,0,0,1,2,554,2,1,no
54,0,1,6,0,0,0,0,1,3,119,3,1,no
55,9,0,5,0,2,2,0,3,2,235,1,1,no
36,9,1,3,0,2,0,1,4,4,158,2,1,no
31,9,2,5,0,1,1,0,1,1,202,5,1,no
33,1,1,2,0,2,0,1,4,2,111,5,1,no
40,10,0,6,0,2,0,0,3,4,36,1,1,no
34,2,1,6,0,2,2,1,4,1,265,3,1,no
50,3,2,7,0,0,2,1,4,3,517,1,1,no
29,0,2,6,0,0,0,1,4,3,554,5,1,no
55,6,0,6,0,0,0,0,9,3,83,1,2,no
39,7,1,6,0,0,0,0,0,2,237,1,1,no
43,9,0,5,0,2,0,1,6,2,193,5,1,no
36,1,1,1,0,2,0,1,6,4,57,1,1,yes
55,0,0,3,0,1,1,0,0,0,278,2,1,no
46,7,1,3,0,2,0,0,7,1,554,3,1,no
49,7,1,1,0,2,0,0,0,0,219,2,1,no
29,7,2,3,0,2,0,0,7,0,43,1,1,no
35,0,0,3,0,2,0,0,7,1,38,1,1,yes
34,1,1,5,0,2,0,1,6,1,210,2,1,no
55,10,0,3,1,2,0,0,7,0,109,1,0,no
29,1,0,3,0,0,0,0,6,0,199,2,0,no
36,0,0,3,0,2,0,0,6,4,191,1,0,no
41,4,1,6,0,2,2,1,4,0,87,1,1,no
43,1,1,3,1,2,0,0,3,1,245,1,1,no
47,0,1,3,0,2,0,0,0,0,296,1,0,no
33,7,2,3,0,2,0,0,6,2,437,2,1,no
44,6,1,2,0,0,2,0,1,1,140,5,1,no
34,0,2,6,0,0,2,0,5,3,236,1,1,no
37,9,2,6,0,0,0,0,3,1,554,3,1,no
55,5,1,0,1,2,0,1,6,1,156,1,1,yes
35,4,1,6,0,2,0,0,1,2,108,4,1,yes
53,6,0,2,0,0,0,1,4,0,60,1,1,no
47,3,1,0,1,2,0,1,3,3,159,2,1,no
28,1,2,5,0,0,0,0,6,1,299,2,1,yes
33,1,2,0,0,2,0,0,6,3,266,2,0,no
32,0,1,6,0,2,0,0,3,2,72,1,1,no
26,0,0,5,0,0,0,0,3,1,159,1,1,no
37,1,2,2,0,2,0,0,6,0,72,1,0,no
31,0,2,3,1,2,0,0,1,3,82,3,1,no
32,4,2,0,0,0,0,1,6,1,73,5,1,no
38,1,1,0,0,2,0,1,4,4,36,5,1,no
41,1,1,5,1,2,0,0,0,0,251,1,1,no
51,4,1,3,1,0,0,0,7,4,178,3,1,yes
38,9,1,6,1,0,0,1,4,4,36,4,1,no
48,0,1,3,0,2,0,0,1,2,62,1,1,no
32,1,1,5,0,2,0,0,6,2,260,1,1,no
31,9,1,5,0,2,0,0,1,1,50,5,1,no
34,6,2,5,0,2,0,1,6,0,36,5,0,no
55,2,0,6,0,2,2,1,6,1,86,5,1,no
45,1,1,0,1,2,0,1,6,2,222,5,1,no
36,9,1,3,0,2,0,0,1,1,67,1,1,yes
31,0,2,2,0,0,0,0,3,0,554,1,1,no
44,1,1,1,0,0,0,0,1,1,67,2,1,no
55,1,1,0,0,2,0,0,1,4,554,1,2,no
37,7,1,3,0,0,0,0,7,4,459,2,0,no
55,9,2,1,0,0,0,0,8,2,86,1,0,no
45,0,1,7,0,0,0,1,6,3,79,1,1,no
39,7,1,7,1,2,2,0,3,4,554,5,1,no
29,0,1,1,0,0,2,1,6,4,376,3,1,no
55,5,0,7,1,0,0,0,6,4,405,3,0,no
53,3,1,7,0,0,0,0,1,1,106,2,1,no
34,1,1,2,0,0,0,1,6,3,427,1,1,no
39,9,1,5,0,2,0,0,0,2,67,1,1,no
52,9,1,6,0,0,0,0,6,2,211,1,2,yes
55,0,1,6,0,2,0,0,7,2,554,2,1,no
55,1,1,1,0,2,2,0,0,1,223,1,1,no
41,1,1,2,0,0,0,0,0,0,367,3,0,no
42,0,1,6,0,2,0,0,6,1,230,5,1,no
43,7,2,3,0,0,0,0,3,3,554,4,1,yes
30,1,2,2,1,2,0,0,7,2,71,2,1,no
48,0,0,6,0,2,0,0,1,2,122,5,1,no
55,1,1,0,0,0,0,0,0,1,554,3,0,no
27,0,2,6,0,2,0,0,3,2,252,1,1,no
50,1,1,2,0,2,2,1,6,1,353,1,1,no
55,0,0,6,0,2,0,1,6,4,115,2,1,no
35,9,2,5,0,2,0,1,6,2,170,2,1,no
45,4,0,3,0,0,2,0,1,1,78,1,1,no
26,8,2,3,0,2,0,0,1,3,263,3,2,no
50,7,1,3,0,2,0,0,1,4,554,2,1,no
26,7,2,3,0,2,0,1,6,1,50,1,1,no
28,7,2,3,0,0,0,1,6,2,137,2,1,no
29,2,0,2,0,2,0,1,6,2,554,1,1,no
46,1,1,2,0,2,0,0,1,4,124,1,1,no
55,7,1,0,0,0,2,0,1,4,64,1,1,no
31,7,1,5,0,0,0,1,6,4,287,3,1,no
39,1,2,2,0,2,2,0,6,1,78,3,2,no
40,7,1,3,0,2,2,0,3,4,251,3,1,no
41,1,1,0,0,2,0,1,7,2,132,3,1,no
39,1,2,6,0,0,0,0,3,4,91,5,1,no
46,0,2,6,0,2,0,0,6,1,554,5,0,no
45,4,1,6,0,0,0,1,7,3,208,2,1,yes
36,0,2,3,0,0,0,0,3,3,259,1,1,no
36,7,1,1,0,2,0,1,6,2,64,1,1,no
55,5,0,0,0,2,0,1,6,4,112,3,1,no
46,1,1,2,0,2,0,1,6,0,116,5,1,no
27,9,2,5,0,0,0,0,6,3,267,1,1,yes
34,0,2,6,0,2,0,0,3,4,138,1,1,no
50,9,1,5,0,0,0,1,6,3,108,1,1,no
50,1,1,2,1,0,2,0,6,3,118,2,0,no
50,4,1,6,0,2,0,0,8,2,305,2,2,no
49,9,0,7,0,0,0,0,8,2,237,1,0,no
28,1,2,2,0,2,2,0,0,2,333,2,1,no
35,7,2,6,0,1,1,0,4,3,67,2,0,no
32,1,1,1,1,0,2,1,3,0,191,2,1,no
26,4,1,1,0,0,0,0,3,4,192,2,1,yes
36,0,2,3,0,2,0,0,1,0,159,1,2,no
51,3,1,0,0,0,0,0,3,4,145,1,1,no
31,6,2,6,0,2,0,0,8,0,91,1,0,no
38,9,1,5,0,0,0,1,6,3,101,1,1,no
46,0,2,3,0,2,0,1,6,3,344,1,1,no
42,0,1,7,0,0,0,1,6,3,221,1,1,no
27,4,1,6,0,0,0,0,0,1,54,1,1,no
43,7,0,1,0,2,0,0,1,4,40,3,1,no
55,5,1,0,1,0,0,0,1,4,185,2,1,no
55,5,1,5,1,2,0,1,4,4,59,5,1,no
46,1,1,0,0,2,0,0,7,4,416,2,1,no
32,0,2,6,0,2,2,0,4,4,49,2,0,no
55,6,1,2,1,2,0,1,4,0,185,4,1,no
55,0,1,0,1,0,2,1,6,4,120,2,1,no
30,0,2,6,0,2,0,0,7,3,288,1,1,yes
29,0,2,6,0,2,2,1,6,4,266,2,1,no
39,7,1,3,1,2,0,0,0,0,87,1,1,no
41,1,1,0,1,2,0,0,0,0,194,2,1,no
50,7,2,3,0,0,0,0,3,4,81,1,1,no
28,0,1,3,0,0,0,0,6,4,204,1,1,no
54,6,1,2,0,2,0,0,7,3,139,4,0,no
33,0,1,3,0,0,0,1,6,1,316,3,1,no
39,0,1,6,0,2,2,0,1,1,116,2,1,no
50,3,1,2,0,2,0,0,6,1,126,2,0,no
33,1,1,2,1,0,0,1,4,3,164,5,1,no
34,2,1,0,0,2,0,1,6,0,233,1,1,no
34,9,1,5,0,2,0,0,8,4,442,2,2,yes
31,9,2,6,0,0,0,1,4,3,91,2,1,no
41,1,1,2,0,2,2,0,6,3,225,2,1,no
49,2,1,0,1,2,2,1,6,3,222,2,1,no
55,7,1,5,0,2,0,0,1,4,160,3,1,no
45,9,0,6,0,0,0,0,4,3,224,1,1,no
34,0,1,6,0,2,0,0,0,3,554,2,1,no
27,8,2,7,0,2,0,0,4,3,103,4,1,no
54,2,1,0,1,0,2,1,6,2,108,1,1,no
27,6,2,6,0,0,0,0,4,3,271,1,1,no
39,9,1,6,0,2,0,0,4,1,554,2,1,no
37,9,2,5,0,2,0,0,1,2,36,5,1,no
31,0,2,6,0,2,0,0,7,4,404,1,2,no
39,0,2,6,0,2,0,1,5,1,229,1,0,no
38,9,1,5,1,2,0,0,1,3,134,1,1,no
29,0,2,6,0,0,0,0,3,4,554,2,1,no
26,7,1,3,1,0,0,1,6,0,89,1,1,no
33,9,1,5,0,0,2,0,0,2,554,1,1,no
44,2,1,0,1,0,0,1,6,4,554,2,1,no
28,10,1,5,0,0,0,1,1,0,140,5,1,no
32,11,2,5,0,0,0,1,3,2,96,1,1,yes
31,4,2,6,0,2,2,0,3,2,221,1,1,no
52,0,1,6,0,0,2,1,0,2,395,3,1,no
28,7,2,3,0,0,0,1,4,3,406,3,1,no
44,4,1,6,0,2,0,1,6,3,254,1,1,no
31,0,2,3,0,2,0,0,6,2,150,1,0,no
42,1,1,3,1,0,0,1,4,4,257,2,1,no
31,0,2,6,0,2,0,0,1,2,87,5,1,no
36,7,1,3,0,2,0,0,7,1,48,2,1,no
27,9,2,5,0,0,0,0,3,1,331,2,1,no
48,9,1,3,0,0,0,1,6,2,418,5,1,no
38,0,1,3,1,2,0,1,6,1,265,5,1,no
49,7,1,3,1,0,0,0,1,3,241,1,1,no
38,9,1,5,0,0,0,1,6,4,154,2,1,no
55,6,1,6,0,2,2,1,0,2,164,4,1,yes
38,0,2,6,0,2,0,0,0,1,275,1,1,no
35,0,2,0,1,0,0,1,6,1,95,3,1,no
50,4,1,6,0,0,0,1,4,1,278,5,2,no
54,0,2,6,1,0,0,0,1,2,218,2,1,no
49,1,1,0,0,2,0,0,9,3,133,2,1,no
31,1,1,1,1,1,1,1,6,4,67,5,1,no
45,6,0,5,0,2,0,1,1,1,36,1,0,no
31,1,2,2,0,0,0,0,6,4,459,4,1,no
49,2,0,2,0,2,0,0,6,0,427,2,1,no
30,9,1,3,0,2,0,1,4,2,436,1,1,no
30,9,2,5,0,0,0,1,6,0,509,1,1,yes
46,9,1,5,1,2,0,1,4,2,69,2,1,no
53,0,1,6,0,2,0,0,0,3,142,1,1,yes
45,1,1,0,0,2,0,1,6,4,144,1,1,no
53,1,1,0,1,0,0,1,6,3,182,2,1,no
49,1,0,7,1,0,0,0,3,4,255,2,1,no
34,0,0,6,0,0,0,1,6,4,63,2,1,no
55,0,1,6,1,0,0,0,7,0,110,2,0,no
32,0,2,6,0,2,2,1,6,0,178,1,1,no
37,0,2,6,0,2,0,1,4,2,93,5,1,no
50,4,0,6,0,0,0,1,3,1,130,5,1,no
31,2,2,2,0,0,0,1,6,0,341,1,1,no
42,7,1,5,0,2,0,1,6,2,554,1,1,no
42,4,1,3,0,2,2,0,7,2,164,3,0,no
26,0,2,3,1,2,0,0,3,2,263,5,1,no
34,0,2,6,1,0,0,0,1,1,554,3,1,no
29,0,2,6,0,2,0,1,4,0,36,5,1,yes
42,0,0,6,0,0,0,1,4,0,36,4,1,no
55,2,1,0,0,0,2,0,7,3,164,2,0,no
55,3,1,0,0,0,0,0,1,3,168,5,1,yes
26,0,1,3,0,2,0,1,0,1,216,1,1,no
45,10,0,0,0,0,2,1,1,4,416,1,1,no
29,0,2,6,0,2,0,0,6,3,90,1,0,no
41,4,1,7,1,2,0,1,6,4,70,1,1,no
39,9,1,3,0,2,0,0,3,2,554,4,1,no
36,1,1,0,0,0,0,0,6,2,227,2,1,yes
37,1,1,1,1,0,0,1,6,2,383,3,1,no
47,1,2,0,1,2,0,1,6,4,162,1,1,no
30,1,0,2,0,0,2,1,4,3,134,1,1,no
35,1,1,7,0,2,0,0,3,1,149,4,1,no
35,1,2,3,1,2,0,0,3,4,60,5,1,no
36,4,1,6,0,2,0,1,4,3,269,1,1,no
43,9,0,3,0,2,2,0,3,1,200,1,1,no
29,0,2,6,0,0,0,1,6,4,231,1,1,no
36,0,0,3,0,2,0,1,6,1,84,3,1,no
32,4,2,6,0,2,0,0,1,2,245,1,1,no
37,7,2,3,0,2,0,0,6,4,445,1,0,no
44,9,1,5,1,1,1,0,1,4,275,3,1,no
53,5,1,3,1,0,0,1,6,3,36,5,1,no
35,0,2,3,0,2,2,0,6,2,106,1,0,no
38,4,1,5,1,2,0,0,7,4,58,3,1,no
48,9,1,3,0,0,0,1,4,1,185,2,1,no
38,4,2,6,0,2,2,0,7,2,186,1,1,no
26,4,1,6,0,2,0,0,6,2,200,1,1,yes
36,0,1,6,0,2,0,0,0,2,483,1,2,no
28,6,2,6,0,2,0,0,5,0,41,1,1,no
27,0,1,6,0,0,2,0,3,3,99,5,0,no
31,10,2,6,0,0,0,0,1,3,85,2,1,no
44,1,2,5,0,0,0,0,6,1,104,1,1,yes
55,5,1,3,0,0,0,0,8,4,335,1,1,yes
34,0,2,6,1,0,0,1,1,4,127,2,1,no
28,1,1,2,0,2,2,1,4,2,109,2,1,no
54,3,1,0,1,0,0,1,1,4,36,5,1,no
55,5,1,3,0,0,0,0,9,4,554,1,1,no
26,9,1,3,1,0,0,0,3,4,517,4,1,no
55,3,1,0,0,0,0,0,1,3,479,1,1,no
38,9,1,5,0,0,0,1,4,0,36,5,1,no
33,9,2,6,0,2,0,0,6,1,340,1,0,no
40,0,2,3,0,0,0,0,6,3,36,5,1,no
34,1,2,3,0,0,0,0,0,3,259,2,0,no
30,9,3,6,0,0,0,0,8,0,131,2,2,no
48,9,1,5,0,2,0,0,1,2,107,2,1,no
49,1,2,7,1,2,0,0,6,0,49,1,0,no
30,9,1,6,0,2,0,1,6,0,104,5,1,no
28,10,2,6,0,1,1,1,3,4,167,1,1,no
55,10,1,2,0,0,2,0,8,3,49,1,0,no
30,1,1,2,0,2,0,0,6,3,167,2,0,no
33,0,2,6,0,1,1,0,1,1,295,2,1,no
41,1,0,0,1,2,0,1,6,1,554,1,1,no
30,7,2,7,0,0,2,1,6,0,154,1,1,no
49,0,1,6,1,2,0,0,1,3,202,1,1,no
33,1,2,0,0,0,0,0,0,1,210,1,1,no
29,0,1,6,0,0,2,1,4,0,76,3,1,no
37,2,1,6,0,2,0,0,7,1,554,1,1,no
28,6,1,5,0,2,0,1,6,4,119,1,1,no
35,7,2,3,0,2,0,0,3,0,116,1,1,no
55,5,1,1,1,0,0,1,4,4,235,5,1,no
31,4,2,6,0,2,0,1,6,4,254,1,1,no
43,3,1,0,0,2,0,0,3,4,296,1,1,no
35,1,1,2,1,2,0,0,7,2,198,2,1,no
54,1,1,0,1,0,0,1,6,3,554,1,1,no
35,1,1,2,0,0,0,1,4,0,36,3,1,yes
39,4,2,3,0,0,2,0,6,2,365,5,0,no
39,1,1,2,1,0,0,0,6,4,265,2,1,no
49,4,1,3,0,2,0,0,7,4,182,1,1,no
43,1,1,0,1,2,2,1,4,4,320,3,1,no
41,6,1,2,1,2,0,0,7,1,145,2,1,no
29,1,2,2,0,1,1,1,4,0,364,1,1,no
36,0,2,6,0,2,0,1,4,1,247,2,1,no
41,3,1,3,0,2,2,1,4,0,168,2,1,no
55,5,0,0,0,0,2,0,0,2,214,1,0,no
42,6,1,6,0,2,0,1,6,1,554,5,1,no
51,5,1,3,0,2,0,0,6,3,302,1,0,yes
28,0,2,5,0,0,2,1,4,2,253,1,1,no
26,0,2,3,0,2,0,1,6,1,109,5,1,no
41,9,1,5,0,2,0,0,6,2,377,4,1,no
55,5,1,7,0,0,0,0,1,1,43,1,0,no
27,7,2,3,0,2,0,1,3,2,36,1,1,yes
44,4,1,6,0,2,2,1,3,4,43,1,1,no
44,0,2,2,0,2,0,0,3,1,50,5,1,no
32,4,1,6,0,0,0,0,1,1,119,4,1,no
35,4,1,6,0,2,2,1,6,0,219,1,1,yes
38,8,2,7,0,2,2,0,1,3,158,2,1,no
44,6,0,5,0,2,0,0,6,2,554,2,0,no
30,9,2,5,0,0,0,0,9,3,554,1,2,no
45,1,1,7,1,2,0,0,0,0,303,1,1,no
41,1,0,1,0,0,0,1,6,4,229,2,1,no
51,0,1,3,0,0,0,1,4,0,308,4,1,no
42,7,1,3,0,0,0,1,4,3,68,2,1,no
49,7,1,3,0,2,0,1,6,4,214,1,1,no
35,9,2,6,0,2,0,1,6,4,412,1,1,no
55,0,1,6,0,2,0,0,6,1,554,3,0,no
53,0,2,1,1,0,2,0,0,0,351,1,1,no
27,1,2,2,1,2,0,1,6,0,115,4,1,no
32,1,1,2,0,2,0,1,6,3,255,2,1,no
31,0,2,6,0,0,0,0,7,0,264,2,0,no
30,0,2,3,0,2,0,1,3,0,253,1,1,no
37,10,2,6,0,2,2,0,7,3,95,1,1,no
41,9,0,6,0,2,0,0,1,1,554,4,1,no
55,6,0,5,0,0,0,1,4,2,197,1,1,no
42,7,0,3,1,2,0,0,3,1,118,3,1,yes
31,1,1,1,0,2,0,0,6,4,554,3,1,no
39,9,1,3,0,0,0,0,3,2,232,1,1,no
40,9,1,6,0,2,0,0,1,4,140,2,1,no
46,0,1,5,0,0,0,1,6,4,69,1,1,no
51,0,0,3,0,0,0,0,1,3,83,1,0,no
37,7,2,3,0,2,0,0,3,4,411,2,1,no
40,3,1,3,1,2,0,1,4,1,100,5,1,no
40,2,1,6,0,0,0,0,3,1,68,3,1,no
55,5,1,5,0,0,0,0,1,3,219,1,1,no
29,0,3,5,0,2,0,0,7,2,125,1,0,no
45,11,1,7,1,0,2,1,4,2,91,1,1,no
26,8,2,3,0,0,0,0,3,1,270,3,1,no
44,0,1,7,0,0,0,0,3,0,554,1,1,no
49,0,1,3,0,0,0,0,9,3,495,1,2,no
55,4,0,6,0,0,0,0,7,4,418,1,2,no
26,9,2,5,0,0,2,1,6,4,109,2,1,no
35,1,1,2,0,2,0,0,3,2,55,5,1,no
53,11,1,0,1,0,0,0,1,4,116,5,1,no
41,9,2,6,0,0,0,0,3,2,196,3,1,no
30,4,2,6,0,0,2,0,6,3,496,1,0,yes
35,9,1,5,0,0,0,0,3,4,151,5,1,no
49,0,0,6,0,0,0,0,0,2,532,1,1,no
50,9,1,5,1,2,0,1,4,4,36,5,1,no
26,8,2,7,0,0,2,0,8,3,554,1,2,no
35,0,1,6,0,2,2,1,4,2,36,1,1,no
48,7,1,3,1,2,0,1,4,4,327,5,1,no
49,0,2,7,1,2,0,1,6,2,122,2,1,no
38,2,1,2,0,2,0,0,3,0,188,2,1,no
54,5,1,3,0,0,0,0,1,4,543,4,1,no
42,1,1,0,0,0,0,0,6,4,206,2,0,no
39,9,0,3,0,2,0,0,1,0,255,1,1,no
33,10,1,5,1,2,0,1,6,1,129,2,1,no
41,3,1,3,0,0,0,0,6,4,174,2,1,no
50,0,1,2,0,2,0,1,6,2,138,4,1,no
48,1,1,0,1,0,0,0,3,0,276,1,1,no
45,4,1,2,1,2,0,0,6,1,288,1,0,no
39,4,2,2,0,2,0,0,7,1,554,3,1,no
37,2,1,6,0,2,0,0,3,4,538,2,1,no
39,1,0,1,1,2,0,1,6,3,305,2,1,no
32,0,2,6,0,2,0,0,1,2,70,5,1,no
39,0,2,3,0,0,0,0,3,3,48,2,1,no
33,1,1,2,0,1,1,1,6,4,97,1,1,no
33,9,1,2,0,2,0,1,6,1,315,1,1,no
46,0,1,6,0,2,2,0,1,2,63,1,1,no
30,7,2,3,0,0,2,0,3,3,172,4,1,no
40,2,1,2,0,0,0,1,7,3,40,1,1,no
43,0,2,3,0,2,0,0,6,1,159,3,1,no
34,9,1,6,1,2,0,0,1,2,414,2,1,yes
26,9,2,3,0,2,0,0,6,1,554,4,1,no
51,9,1,3,0,2,0,0,1,4,549,2,1,no
55,10,0,5,0,0,2,0,1,2,142,1,1,no
55,5,1,7,1,2,0,1,3,1,36,1,1,no
43,4,1,6,0,2,0,0,1,3,343,5,1,no
50,2,1,0,1,0,0,0,3,2,180,1,1,no
30,1,1,2,1,0,0,1,6,0,115,1,1,no
31,2,2,3,0,0,0,0,7,2,290,1,1,no
29,0,1,6,0,1,1,0,3,3,311,1,2,no
33,1,1,2,0,0,0,1,4,0,36,3,1,yes
28,6,1,6,0,2,2,0,3,4,186,3,1,no
31,9,1,6,0,2,0,0,1,2,214,1,1,no
50,1,1,0,1,2,0,0,1,3,66,2,1,no
43,3,1,0,0,2,0,0,3,4,317,1,1,no
48,0,1,6,0,0,2,0,6,1,312,3,1,no
55,1,0,3,0,0,0,1,7,0,68,1,1,no
55,5,1,3,0,2,0,0,3,0,554,1,1,no
33,9,1,6,0,0,0,0,9,4,216,1,1,yes
40,0,1,6,0,0,0,0,6,1,365,4,1,no
42,10,1,0,1,2,0,1,6,1,554,5,1,no
55,0,1,3,0,2,0,1,6,4,497,2,1,no
48,1,1,0,1,0,2,0,1,2,274,1,1,no
32,10,1,6,0,2,0,0,1,3,36,4,1,no
55,1,1,0,0,2,0,0,3,3,63,2,1,no
35,1,1,0,1,0,0,0,0,1,212,2,1,no
30,7,2,3,0,0,0,0,7,0,554,1,1,no
48,1,1,0,1,2,0,0,1,2,115,3,1,no
49,2,1,5,0,1,1,1,6,3,524,2,1,no
38,9,0,5,0,2,2,0,6,3,351,2,0,no
55,0,0,3,0,2,0,1,4,2,71,1,1,no
36,9,1,3,0,0,0,0,0,1,517,1,1,no
26,8,2,3,0,0,0,0,6,0,271,1,0,no
32,0,2,6,0,2,2,1,4,1,176,5,1,no
28,1,2,2,0,0,0,1,4,3,550,1,1,no
51,7,1,1,0,2,0,1,6,2,176,3,1,yes
28,7,1,3,0,0,0,0,3,2,184,1,1,no
37,9,0,3,0,2,0,0,7,0,47,1,1,no
45,0,1,3,0,2,2,0,1,1,124,3,1,no
40,2,1,2,0,2,0,0,7,1,69,2,1,no
36,7,2,3,0,0,0,1,6,4,45,5,1,no
42,1,2,7,0,0,0,0,0,0,54,2,1,no
43,1,2,1,0,2,0,1,7,4,401,1,1,no
52,9,1,3,0,0,0,1,4,4,241,1,1,no
26,8,2,3,0,0,0,1,4,4,219,1,1,no
44,1,1,1,0,0,2,0,1,3,177,5,1,no
54,1,1,2,0,0,0,0,6,2,532,2,2,no
47,11,1,7,1,0,0,1,4,1,139,3,1,no
43,0,1,7,0,0,0,1,6,1,277,1,1,yes
51,2,1,1,1,2,2,0,3,0,124,2,1,no
47,1,1,0,0,0,0,0,3,4,127,1,1,no
31,7,2,3,0,2,0,0,7,2,45,1,0,no
55,5,0,6,0,2,0,1,7,3,36,1,1,no
55,9,1,5,0,2,0,0,0,3,232,1,1,no
41,1,1,2,0,2,2,1,4,0,109,3,1,no
36,6,1,2,0,0,0,0,1,3,153,1,1,yes
45,6,1,2,0,0,0,0,1,4,80,1,1,no
55,5,0,2,1,2,0,1,3,0,362,5,1,no
55,1,1,0,1,2,0,0,3,4,293,5,1,no
35,9,2,6,0,0,0,1,3,0,455,5,1,no
32,6,1,6,1,0,0,0,3,0,172,3,1,no
47,1,1,0,0,2,0,0,6,4,554,2,1,no
46,7,1,7,0,0,0,0,1,0,109,1,1,no
29,7,2,6,0,0,0,1,6,0,339,5,1,no
49,1,2,0,0,0,0,1,4,1,47,1,1,no
53,0,1,6,0,0,0,1,6,2,36,5,1,no
50,1,0,2,1,0,0,1,4,3,108,5,1,no
27,10,1,3,0,2,0,1,4,0,36,5,1,no
31,9,1,6,0,2,2,0,8,3,203,4,2,no
44,2,1,6,0,2,0,0,7,1,554,2,0,no
28,0,1,6,0,0,0,1,6,0,63,2,1,no
36,0,2,6,0,2,0,0,1,2,55,1,1,no
55,0,1,5,0,2,0,0,7,3,124,1,0,no
31,1,2,2,0,0,2,0,6,4,37,3,1,no
47,0,1,3,0,2,0,0,3,3,247,2,1,yes
38,9,2,5,0,2,0,0,7,0,119,1,1,yes
50,3,0,0,1,0,0,1,6,2,489,1,1,no
44,6,1,2,0,2,0,0,7,2,104,4,0,no
30,2,1,3,0,2,0,1,6,0,410,1,1,no
36,0,1,6,0,0,0,0,6,4,449,5,1,no
51,0,1,6,1,2,0,1,6,0,119,2,1,no
34,0,1,6,0,2,0,0,1,0,193,1,1,no
28,9,2,2,0,2,0,0,6,3,409,1,1,no
31,1,2,3,0,2,0,0,6,4,125,1,1,no
37,7,1,3,0,2,2,1,4,0,98,2,1,no
49,4,1,3,1,2,0,0,7,1,79,2,0,no
40,9,1,5,0,2,0,0,7,3,110,1,0,no
35,9,2,2,0,2,2,0,7,4,62,1,1,no
37,0,1,6,0,0,0,0,1,4,225,2,1,no
36,0,1,6,0,2,0,1,6,3,166,3,1,yes
42,1,1,2,1,0,0,1,4,0,61,1,1,no
42,0,2,3,0,0,0,0,9,2,209,1,1,no
41,3,1,6,0,2,0,0,1,2,163,1,1,no
55,5,0,3,0,2,2,1,2,1,88,5,1,no
36,6,0,5,1,2,2,0,3,3,110,4,1,no
55,0,1,5,0,0,0,0,1,1,381,4,1,no
46,4,2,6,0,2,0,0,3,1,93,1,1,no
49,0,2,7,1,0,0,0,7,3,74,2,1,no
33,0,1,6,0,2,0,0,4,3,554,1,1,no
40,9,0,5,0,0,0,0,3,3,122,2,1,no
49,0,1,1,1,0,2,1,6,2,36,4,1,no
41,0,0,3,0,2,0,0,6,1,63,5,1,yes
55,5,1,0,0,2,0,0,8,2,124,1,1,yes
30,7,0,3,0,0,0,0,6,1,159,2,2,no
38,1,2,2,1,2,0,0,3,1,191,3,1,no
55,5,1,7,0,2,0,0,1,0,171,3,0,no
27,0,2,6,0,0,0,0,5,3,273,1,1,no
48,9,0,5,1,2,0,0,1,4,200,1,1,no
36,1,1,1,1,2,0,0,3,2,36,5,1,no
34,2,2,7,1,2,0,1,6,2,318,1,1,no
30,0,2,6,0,0,0,0,1,1,37,2,1,no
33,7,0,3,0,2,0,1,4,1,73,2,1,no
45,1,1,2,1,2,0,0,0,0,554,2,1,no
46,6,1,2,1,0,0,1,4,2,49,1,1,yes
55,4,1,6,0,0,2,1,6,1,312,1,1,no
32,0,1,3,0,2,0,1,4,4,308,5,1,no
35,0,0,3,0,1,1,0,3,3,554,2,1,no
49,0,0,3,0,2,0,1,4,0,115,5,1,no
29,1,2,1,0,2,0,0,3,2,92,1,1,no
49,9,1,5,0,2,0,0,1,3,75,1,0,no
38,2,0,2,0,2,2,0,7,4,70,1,1,no
47,0,1,6,0,0,2,1,7,4,36,1,1,no
41,7,0,3,0,2,0,0,3,2,474,1,1,no
32,0,1,6,0,2,0,1,3,4,554,5,1,no
44,7,1,3,1,2,2,0,1,0,36,1,1,yes
55,4,0,6,0,0,0,0,9,3,554,1,2,no
31,9,2,6,0,2,0,0,1,2,554,5,1,no
34,9,1,3,0,2,0,0,1,2,143,1,1,no
37,0,2,3,0,0,0,1,3,4,130,2,1,yes
55,0,1,7,0,2,2,0,7,2,554,3,1,no
40,3,2,6,0,2,0,1,4,0,253,2,1,no
26,0,2,6,0,2,0,0,0,0,376,1,1,no
45,7,2,2,1,2,0,1,6,0,270,1,1,no
36,6,2,5,0,2,0,1,6,1,113,4,1,no
51,0,1,3,0,2,0,0,7,0,36,5,1,no
43,7,2,3,0,0,0,0,6,2,337,5,1,yes
33,1,1,5,0,2,0,0,4,4,90,1,1,no
52,0,1,6,1,2,0,0,7,0,36,1,1,no
32,1,0,2,0,0,0,1,6,4,95,3,1,no
42,1,1,2,0,0,0,0,0,2,55,4,1,yes
39,4,1,6,0,0,0,0,1,1,168,1,1,yes
30,1,1,5,0,2,0,0,6,0,168,4,1,no
42,0,2,3,0,2,0,0,0,0,392,1,1,yes
51,1,0,0,0,2,0,1,6,2,554,2,1,no
43,1,0,2,1,0,2,1,4,0,222,2,1,no
35,7,2,6,0,1,1,0,1,1,419,2,1,no
42,1,1,7,0,0,0,1,4,4,96,5,1,no
46,0,2,3,0,2,0,0,7,0,294,1,0,no
50,4,1,6,0,2,0,0,3,3,98,2,1,no
37,3,0,2,1,2,0,1,6,1,226,2,1,no
40,9,1,5,0,0,0,1,6,2,255,5,1,no
38,0,1,6,0,0,0,0,1,2,89,2,1,no
30,0,2,3,0,0,0,1,3,1,177,3,1,no
32,0,2,6,0,2,0,0,7,0,554,1,1,no
39,7,2,3,1,2,2,1,4,1,554,1,1,no
38,0,1,3,0,0,0,1,4,4,180,2,1,no
31,0,1,6,1,0,0,1,6,4,168,1,1,no
52,1,1,7,0,0,2,0,3,1,326,5,1,no
27,8,2,6,1,0,0,1,6,0,554,3,1,no
41,1,1,1,0,2,0,0,6,4,189,2,0,yes
50,9,2,6,0,2,0,0,1,2,350,2,1,no
27,1,2,0,0,0,0,0,0,2,554,1,1,no
30,0,1,3,0,2,0,1,7,2,36,1,1,no
26,7,2,3,0,0,0,1,4,4,119,1,1,yes
50,7,2,1,1,0,0,0,0,2,169,1,1,no
37,7,2,5,0,2,0,0,6,0,279,1,1,no
55,2,1,6,1,2,0,1,6,3,217,2,1,no
52,1,1,2,0,2,0,1,3,2,60,1,1,no
40,0,1,6,0,2,0,0,3,3,243,1,1,no
28,9,1,5,0,2,0,0,6,4,36,5,1,no
33,9,1,6,0,2,0,0,9,4,110,1,0,no
36,0,1,5,0,0,0,0,6,2,271,2,1,no
33,1,1,0,1,2,2,0,7,2,129,1,1,no
53,9,1,3,0,2,0,0,1,3,231,1,1,no
53,1,1,2,1,0,0,0,7,2,64,2,1,no
33,0,2,6,0,2,2,0,1,3,238,4,1,no
49,0,1,6,0,2,2,0,6,4,194,3,1,no
54,5,0,0,0,2,0,0,3,3,237,1,1,no
34,4,1,6,0,2,0,0,6,4,77,4,1,no
39,7,1,3,1,2,2,1,6,3,203,1,1,no
35,2,2,6,0,2,0,0,3,1,88,5,1,no
44,7,1,5,0,0,0,0,1,1,341,2,1,no
29,0,1,3,0,2,0,0,6,1,112,4,0,no
35,1,0,2,0,0,0,0,3,3,554,1,1,no
45,3,1,5,1,2,0,1,4,2,554,2,1,no
26,9,2,6,0,0,2,0,3,3,67,5,0,no
26,0,1,6,0,0,0,0,3,3,503,5,1,no
37,9,2,5,0,0,0,0,0,1,147,1,1,yes
32,7,0,3,0,2,0,1,6,4,245,2,1,no
55,4,1,6,0,2,0,0,7,3,195,1,2,yes
32,1,1,2,0,0,0,0,0,4,161,2,0,no
52,9,0,6,0,0,0,1,6,3,99,3,1,no
35,0,1,6,0,2,0,1,6,1,325,3,1,no
29,0,2,3,0,0,0,0,3,0,144,2,1,no
37,0,2,3,0,2,0,0,3,3,52,4,1,yes
55,6,1,6,1,0,2,0,1,1,131,2,1,no
36,9,2,6,0,0,0,1,7,2,61,3,1,yes
45,11,1,7,0,0,0,1,4,0,61,4,1,no
31,0,2,3,0,0,0,0,0,0,294,2,1,no
38,0,1,6,0,0,0,1,4,2,361,2,1,yes
54,9,1,5,0,2,0,1,4,4,80,5,1,no
55,2,0,6,1,0,0,0,6,0,56,1,0,no
39,9,1,1,0,2,0,1,6,4,190,3,1,no
44,10,0,1,0,0,0,0,6,1,208,1,1,yes
36,9,2,5,0,2,0,0,1,1,86,1,1,no
26,10,2,3,0,2,0,1,3,1,245,5,1,no
40,9,1,5,0,0,0,1,4,0,179,2,1,no
30,9,2,5,0,2,0,1,8,0,169,2,1,no
35,4,1,5,0,0,0,1,6,4,373,1,1,no
53,0,1,2,0,0,0,1,4,3,116,1,1,no
55,5,1,0,0,2,0,0,0,2,321,1,1,no
27,1,1,2,1,2,0,1,6,3,304,2,1,no
38,9,1,5,1,0,2,0,1,2,318,3,1,no
33,6,1,2,0,2,0,1,4,1,107,3,1,no
37,9,1,6,0,2,0,0,6,1,288,1,2,no
55,5,1,0,0,2,0,0,9,3,288,3,1,no
55,9,1,5,1,0,0,1,4,2,48,2,1,no
50,4,1,6,0,0,0,0,1,0,160,5,1,no
26,6,2,6,0,0,0,0,6,2,334,2,1,no
35,0,2,6,0,2,2,0,1,1,121,1,1,yes
55,5,0,0,0,2,0,0,6,0,218,2,2,no
49,1,1,7,0,0,0,1,6,2,554,3,1,no
37,4,1,7,0,2,0,0,7,2,554,2,1,no
30,0,2,3,1,0,0,1,4,3,554,2,1,no
55,9,1,3,0,0,0,0,0,1,176,3,1,no
36,7,2,1,1,0,0,1,4,3,63,1,1,no
42,10,1,7,0,0,0,0,1,2,175,4,1,no
43,0,2,3,0,0,0,1,4,2,73,1,1,no
30,0,1,6,0,2,0,0,0,2,243,3,1,no
32,1,0,2,0,2,0,1,6,3,179,4,1,yes
38,11,1,1,0,2,0,1,6,1,240,1,1,no
26,0,2,5,0,2,0,0,3,4,332,2,1,yes
32,0,1,6,0,0,0,1,6,4,148,3,1,no
36,9,1,6,0,0,0,0,7,4,221,4,1,no
40,1,1,0,0,2,0,0,6,2,61,2,1,no
28,0,1,3,0,2,0,1,6,4,175,1,1,no
34,0,0,3,0,1,1,0,1,0,50,5,1,no
51,0,1,3,0,2,0,1,6,2,431,2,1,no
36,7,1,3,0,2,0,0,0,0,101,1,0,yes
35,4,0,6,0,1,1,0,1,1,123,3,1,no
31,1,2,6,0,0,0,0,3,0,36,3,1,no
40,1,0,2,0,0,0,1,3,4,246,3,1,no
55,4,1,0,1,2,0,1,4,3,197,5,1,no
35,8,2,6,1,0,0,1,6,3,172,5,1,no
55,7,1,3,0,2,0,0,6,1,520,2,1,no
54,0,1,6,0,2,0,1,6,2,98,1,1,no
26,8,2,3,0,2,2,0,4,4,74,2,0,no
39,1,1,2,0,2,0,0,6,3,253,1,2,yes
48,4,1,3,0,0,0,0,3,3,116,1,1,no
55,5,0,0,0,2,0,0,8,4,180,1,1,no
46,0,2,6,0,2,0,0,3,2,309,1,1,no
31,1,1,1,0,0,0,0,6,3,104,3,0,no
47,0,2,2,0,0,0,0,6,2,253,2,0,yes
30,9,1,3,0,2,0,1,6,3,354,3,1,no
39,1,2,0,1,0,0,0,3,0,541,5,1,no
55,10,2,0,0,0,0,1,0,2,56,1,1,yes
30,1,1,1,0,2,0,0,3,4,74,3,1,no
34,9,0,5,0,2,2,0,0,0,180,2,0,no
31,0,1,3,0,2,2,0,6,1,36,5,1,no
43,4,1,6,0,0,0,1,6,2,554,4,1,no
38,0,1,6,0,2,0,1,4,2,153,5,1,no
34,1,2,2,0,0,0,1,6,3,71,1,1,yes
35,4,1,6,0,0,2,1,6,4,554,3,1,no
55,6,2,2,1,0,0,1,4,0,154,2,1,no
39,3,1,0,0,0,0,0,3,1,240,5,1,no
47,4,0,6,0,0,0,1,6,3,198,2,1,no
42,7,1,5,0,2,0,1,6,3,554,1,1,no
36,9,2,3,0,2,0,0,1,3,124,1,1,no
26,1,2,3,0,2,0,0,3,0,115,1,1,no
51,0,1,2,1,2,0,0,6,1,36,5,2,no
27,0,1,3,0,0,2,0,6,4,251,1,1,no
50,11,2,7,1,2,0,1,4,3,363,1,1,no
36,1,2,3,0,2,2,1,6,1,260,1,1,yes
55,1,1,0,0,2,0,1,6,3,318,2,1,no
30,0,2,6,0,2,0,0,6,2,287,1,0,no
31,1,1,2,0,2,0,1,6,3,97,2,1,no
43,1,2,5,0,0,0,1,4,2,133,1,1,no
30,0,1,6,0,1,1,0,5,1,291,3,2,no
29,0,2,6,0,2,0,0,7,3,554,1,1,no
38,0,2,3,0,2,0,0,7,3,133,1,1,no
26,10,2,3,0,0,0,0,3,2,60,5,1,yes
47,1,1,2,0,2,0,1,6,2,194,3,1,no
28,7,1,3,0,2,2,0,6,2,189,1,0,no
33,1,1,3,1,0,0,0,6,3,272,5,0,no
43,7,1,3,1,0,2,0,3,4,105,5,1,yes
33,1,0,2,0,2,0,1,4,2,155,1,1,no
50,1,1,0,0,2,2,0,6,1,197,2,1,no
52,4,1,1,0,0,0,0,7,1,209,2,0,no
39,0,0,5,0,2,2,1,4,2,106,1,1,no
33,9,1,3,0,2,0,0,1,2,115,1,1,yes
37,9,2,3,0,1,1,1,4,4,109,3,1,no
33,2,1,6,0,0,0,0,7,2,55,1,1,no
45,1,1,0,1,0,0,0,1,4,131,1,1,no
37,2,1,2,0,2,0,0,6,1,195,2,0,no
34,0,1,3,0,2,2,0,3,1,193,1,1,no
31,0,0,3,0,2,0,0,6,2,66,2,0,no
35,0,1,6,0,0,0,0,3,3,480,2,1,no
54,1,1,1,1,0,0,0,7,4,300,5,0,no
39,2,1,5,0,2,0,0,7,2,69,2,1,yes
32,0,2,6,0,2,0,0,1,2,85,1,1,no
55,0,0,6,1,2,0,0,7,0,36,5,1,no
30,0,2,6,0,0,0,0,1,1,167,2,1,no
48,9,1,7,1,0,0,0,7,1,159,1,1,no
41,7,0,2,0,2,0,1,4,2,163,1,1,no
54,1,1,2,1,2,2,1,4,1,75,2,1,no
29,1,1,2,0,2,0,0,6,1,175,1,1,no
46,1,1,1,1,2,0,0,1,1,121,2,1,no
38,0,1,3,0,0,0,1,6,3,213,3,1,yes
27,1,2,2,1,2,2,0,6,2,554,1,1,no
42,0,0,6,0,2,0,1,4,0,36,5,1,no
47,2,1,6,1,2,0,1,6,0,96,5,1,yes
27,9,2,5,0,0,0,0,6,3,415,1,0,yes
28,7,1,2,1,1,1,1,6,2,71,1,1,no
40,5,1,5,0,0,0,1,6,3,140,1,1,no
41,7,1,2,0,0,0,0,3,1,88,3,1,no
32,1,1,3,0,2,0,0,0,2,259,2,0,no
52,1,1,0,0,2,0,1,6,2,36,1,1,no
31,6,2,3,0,0,0,0,3,3,196,3,1,no
33,9,2,3,0,0,0,0,0,0,124,2,1,no
31,4,1,6,0,2,0,0,1,4,181,2,1,no
34,0,2,6,0,0,0,0,7,0,139,5,0,no
55,1,1,0,0,2,0,1,3,3,92,1,1,no
43,10,1,3,0,2,0,1,6,4,554,3,1,no
49,10,1,5,1,2,0,0,1,4,397,2,1,no
28,9,2,5,0,0,0,1,6,0,323,2,1,yes
35,9,1,5,0,0,0,1,4,2,159,1,1,no
27,1,1,2,0,2,2,1,6,3,274,2,1,no
38,1,0,2,0,1,1,0,3,0,554,2,1,yes
37,0,2,6,0,0,2,0,1,1,205,5,1,no
38,9,1,6,0,2,0,0,6,4,147,1,1,no
42,0,0,6,0,0,0,0,1,3,56,5,1,no
55,5,1,0,0,2,0,0,1,0,94,1,1,no
29,8,2,3,0,2,0,0,7,2,554,1,1,no
41,9,1,2,0,2,0,1,6,3,420,1,1,no
47,1,1,1,1,2,0,0,6,1,472,2,1,no
45,2,2,6,0,0,0,0,3,1,123,5,1,no
35,1,2,1,1,2,0,1,6,4,554,1,1,no
33,10,0,5,0,1,1,1,6,1,446,3,1,no
37,6,1,5,0,2,2,1,6,4,268,1,1,no
43,0,2,3,0,2,0,0,1,0,231,3,1,no
49,1,0,0,1,0,0,1,6,2,554,2,1,no
29,4,2,6,0,2,0,0,3,1,84,3,1,no
52,2,1,6,0,0,0,1,4,1,92,2,1,no
36,9,1,6,0,0,0,1,6,4,297,5,1,no
38,2,0,2,0,0,0,0,7,4,353,2,1,no
35,1,1,2,0,2,0,1,4,1,373,2,1,no
28,0,2,6,1,2,0,0,3,1,248,3,1,no
33,1,1,3,0,0,0,0,3,1,69,2,1,no
49,0,1,2,0,2,2,0,3,3,145,4,1,no
32,0,1,3,0,0,0,0,5,2,115,2,1,no
55,5,1,6,0,2,0,0,0,3,146,4,1,no
54,9,1,5,0,0,0,1,6,4,554,1,1,no
38,0,2,6,0,2,2,0,6,1,36,5,1,yes
42,9,0,6,0,0,2,0,3,0,241,2,1,no
54,9,2,2,0,0,0,1,4,1,186,3,1,no
39,10,1,6,0,2,0,1,4,1,108,4,1,no
37,1,1,1,0,2,0,0,6,3,85,4,1,no
44,9,1,5,0,0,0,0,1,4,85,2,1,no
26,9,1,6,0,0,0,1,6,1,523,1,1,no
29,0,2,3,0,2,0,1,6,4,245,2,1,no
43,1,1,2,0,0,0,1,8,3,36,1,1,no
32,0,2,3,0,0,2,1,4,0,180,2,1,no
50,1,1,2,1,2,0,0,3,2,99,1,1,no
31,1,1,5,1,0,0,0,7,2,230,1,1,no
54,0,1,6,1,2,0,0,3,2,324,3,1,no
45,1,1,7,1,0,0,1,6,1,223,1,1,no
50,1,0,2,0,2,0,0,3,0,502,2,1,no
40,9,2,5,1,2,2,0,1,4,94,4,1,yes
52,7,1,3,0,2,0,0,6,3,108,2,1,no
55,0,0,3,0,0,0,1,6,0,162,1,1,no
30,0,2,3,0,2,0,0,1,0,406,3,1,no
31,0,2,3,0,2,0,0,7,4,79,1,1,no
40,1,1,5,0,2,2,0,3,1,431,1,1,yes
32,6,2,6,0,2,0,0,4,1,104,1,1,no
44,7,1,3,0,2,0,0,6,3,36,5,1,no
33,1,2,0,0,2,2,0,0,2,460,1,1,no
52,6,1,6,0,0,0,0,1,3,276,1,1,no
29,1,2,3,1,2,0,1,6,4,74,3,1,no
33,1,1,0,0,0,0,0,6,3,150,4,1,yes
45,0,1,6,0,0,0,1,6,1,351,1,1,yes
33,3,1,3,0,0,0,1,8,3,37,1,1,no
32,9,1,3,0,0,0,0,9,2,245,1,1,yes
37,2,2,5,0,0,0,0,3,0,274,5,1,no
42,1,1,0,1,0,0,1,6,3,267,3,1,no
47,4,1,2,0,0,0,0,7,1,97,1,1,no
46,0,1,6,0,2,0,0,1,3,208,2,1,no
31,0,0,6,0,0,0,0,1,2,359,1,1,no
52,0,1,6,0,2,0,0,1,4,36,5,1,no
28,1,2,3,0,2,0,0,6,4,516,1,1,no
42,5,1,2,1,2,0,1,6,2,180,1,1,no
30,0,2,2,0,0,0,1,7,2,36,1,1,no
41,11,1,7,0,0,0,0,1,1,258,2,1,yes
31,7,1,2,0,0,0,0,0,1,554,3,1,no
36,0,2,6,0,2,0,0,0,2,274,2,1,no
30,9,1,6,0,2,0,0,1,3,142,2,1,no
26,1,2,5,0,2,0,0,6,4,197,2,1,no
33,0,2,3,0,0,0,0,6,3,154,1,1,no
37,0,1,6,0,0,0,1,6,0,51,1,1,no
31,2,2,6,0,2,0,0,1,0,211,3,1,no
36,0,1,3,0,0,0,1,6,1,76,2,1,no
31,0,0,3,0,2,2,1,4,3,287,4,1,no
36,9,1,5,0,2,0,1,6,1,554,2,1,no
37,7,2,1,0,2,0,0,6,4,93,1,0,no
41,2,2,3,0,2,2,0,3,2,36,5,1,no
51,0,1,6,0,2,0,0,7,0,358,3,1,no
32,4,2,6,0,0,2,0,7,4,541,1,1,no
44,0,1,5,0,0,0,0,7,1,353,1,0,no
36,1,1,2,1,2,0,0,6,3,39,5,1,no
35,1,1,2,0,0,0,1,6,1,91,2,1,no
47,9,1,5,1,2,0,0,3,3,362,2,1,no
39,7,1,0,0,0,0,1,6,2,126,2,1,no
51,1,1,5,0,0,2,1,6,3,554,2,1,no
40,7,1,0,1,2,0,0,3,4,205,1,1,yes
54,0,1,3,0,2,0,1,4,2,243,1,1,yes
34,0,1,6,0,0,0,0,1,2,55,1,1,no
46,1,1,1,1,2,0,0,1,3,143,1,1,no
40,0,2,3,0,2,0,1,6,2,554,2,1,no
42,2,1,1,0,0,0,1,6,1,204,1,1,no
33,0,1,6,0,2,0,0,0,2,124,1,1,no
45,1,1,7,0,2,0,0,0,2,263,1,1,no
30,0,1,3,0,2,0,0,6,1,36,5,1,yes
33,9,2,5,0,0,0,0,3,2,165,1,1,no
47,1,2,1,1,0,0,0,6,4,408,2,0,no
50,2,1,2,0,2,0,1,4,2,119,1,1,no
28,4,2,6,0,2,0,0,6,3,245,1,1,no
45,1,0,2,0,2,0,1,4,1,287,1,1,no
55,11,1,0,0,0,2,0,3,2,185,1,1,no
44,4,1,1,0,2,2,0,0,4,154,1,1,no
51,0,0,3,0,0,2,0,7,2,64,1,1,no
29,0,2,3,0,2,0,0,7,0,176,2,2,no
33,3,1,0,0,1,1,1,6,3,129,5,1,no
44,4,1,3,1,0,0,1,3,1,137,1,1,no
41,1,1,2,0,2,0,0,6,3,243,1,0,no
33,9,1,5,0,2,0,1,4,2,201,1,1,no
36,1,1,2,0,0,0,0,1,1,153,2,0,no
48,0,1,6,0,2,0,0,7,4,288,1,1,no
29,10,0,6,0,2,0,0,3,1,148,2,1,no
37,1,1,2,0,2,0,1,6,1,138,1,1,no
47,10,1,3,0,0,0,0,7,3,94,1,1,no
54,7,0,3,1,2,0,1,6,0,216,1,1,yes
37,2,0,6,0,2,2,1,6,2,71,1,1,no
53,4,1,6,1,1,1,1,6,2,135,2,1,no
54,0,0,3,0,0,2,0,3,3,129,4,1,no
26,8,2,5,0,2,0,0,9,4,316,1,2,no
48,3,1,0,1,2,2,0,1,3,307,4,1,no
28,0,2,3,0,0,0,1,4,4,284,5,1,no
49,9,1,5,0,2,2,0,1,2,36,5,1,no
32,9,2,5,0,2,0,0,0,1,54,1,1,no
33,4,1,3,1,0,0,1,6,2,234,1,1,no
30,9,2,5,0,0,0,0,9,3,221,2,0,no
49,1,1,1,0,2,0,1,6,0,554,2,1,no
55,4,0,6,0,0,0,1,6,1,222,2,1,no
55,5,1,6,0,2,0,0,1,1,73,3,0,no
38,0,0,6,0,0,0,0,6,3,187,4,1,no
39,1,1,5,0,2,0,0,6,4,72,1,1,no
55,5,1,5,0,0,0,0,1,4,298,1,1,no
31,0,2,3,0,0,0,0,6,2,433,2,1,no
40,7,1,0,1,0,0,0,6,0,308,1,0,no
55,5,1,0,0,0,0,0,1,2,307,1,0,no
39,0,2,3,0,2,2,0,7,2,44,2,0,no
38,0,0,6,0,2,0,0,0,3,177,2,1,no
26,8,2,3,0,0,0,0,7,0,256,2,0,no
49,3,1,0,1,2,0,0,1,4,501,1,1,no
26,7,2,2,0,0,0,1,4,2,180,1,1,no
55,7,1,7,0,0,0,1,3,4,396,2,1,no
41,7,1,3,1,2,0,0,7,2,255,2,1,no
32,1,1,3,0,0,2,1,4,1,140,1,1,yes
49,1,1,3,1,2,0,0,6,4,168,2,1,no
55,5,1,5,0,2,0,0,3,0,51,4,1,no
48,2,2,5,0,2,0,0,6,4,554,3,1,no
29,1,1,2,1,0,0,0,0,1,54,1,0,no
43,7,1,1,0,0,0,0,9,3,115,1,1,no
31,1,1,2,0,0,0,1,4,1,179,2,1,no
32,7,1,3,0,0,0,0,3,2,174,1,1,yes
40,1,1,1,0,2,0,1,4,3,36,1,1,no
45,9,1,5,0,0,0,0,1,1,82,1,1,yes
55,7,1,0,1,2,0,0,7,0,39,4,0,no
28,0,1,3,0,2,0,1,6,4,238,2,1,yes
32,2,1,3,0,2,0,1,7,4,60,2,1,no
55,5,1,5,0,2,0,0,9,2,104,1,0,no
37,1,1,2,0,2,0,0,6,2,199,2,1,no
46,1,1,0,1,0,0,1,6,2,194,2,1,no
36,2,0,3,0,2,0,0,7,0,230,3,1,no
34,0,1,5,0,2,0,1,6,3,248,2,1,no
55,5,2,7,1,2,2,0,3,1,174,5,1,no
55,9,1,7,0,0,2,1,4,0,554,4,1,no
33,9,1,3,0,0,2,1,4,1,60,5,1,no
45,9,1,6,0,0,0,1,4,2,65,1,1,no
34,9,1,6,0,0,0,0,1,2,36,5,1,no
44,0,1,2,1,2,0,0,1,4,77,2,1,no
39,4,1,1,0,2,0,0,0,0,177,1,1,no
32,9,2,5,0,2,0,0,1,3,71,2,1,no
43,1,1,3,1,0,0,0,3,1,339,1,1,no
31,7,2,6,0,0,2,0,3,0,409,2,1,no
55,5,1,0,0,2,0,0,6,0,554,2,2,no
55,5,1,6,1,2,2,0,1,4,269,1,1,no
33,0,2,6,0,2,2,0,1,4,110,2,1,no
51,4,0,6,0,0,0,0,3,4,166,5,0,no
26,8,2,0,0,0,0,0,3,0,67,1,1,no
39,3,1,0,0,0,0,0,1,2,183,1,1,no
52,4,0,6,0,0,0,1,6,0,355,2,1,no
49,7,1,3,1,0,0,1,4,2,139,1,1,no
36,9,1,5,0,2,0,1,6,0,338,4,1,no
26,9,2,3,0,0,0,0,3,0,96,3,1,yes
44,0,1,3,0,0,0,0,6,4,231,1,1,no
39,6,1,6,1,0,0,0,7,4,199,1,1,no
45,2,1,7,0,0,0,1,4,4,89,5,1,no
29,1,2,3,1,1,1,1,6,2,242,2,1,no
45,0,1,3,0,0,0,1,4,4,125,5,1,no
33,1,2,0,0,0,0,0,6,3,313,1,1,no
26,0,2,3,0,2,2,1,4,4,554,1,1,no
28,9,1,5,0,2,0,1,6,3,80,2,1,no
30,7,1,3,0,2,0,1,6,4,249,2,1,no
34,0,1,6,0,0,2,0,3,3,119,2,1,no
29,9,1,6,0,2,2,0,1,4,94,2,1,no
36,1,1,2,0,2,0,0,6,4,181,1,1,no
51,0,1,4,1,0,0,0,3,1,151,4,1,no
38,9,2,6,0,2,2,0,6,4,554,3,1,no
38,9,0,3,0,2,0,0,1,1,171,2,1,no
32,4,2,6,0,2,0,1,4,3,344,2,1,no
42,9,2,7,0,0,0,1,6,3,162,4,1,no
26,8,2,7,0,0,0,1,9,3,401,2,1,no
34,4,2,6,0,0,0,1,6,3,243,1,1,no
49,9,1,6,0,0,0,1,6,1,107,3,1,no
55,4,1,6,0,0,0,0,0,0,519,1,0,no
37,1,1,2,1,2,2,1,6,0,376,3,1,no
50,0,1,6,1,2,0,1,4,2,153,5,1,no
26,7,2,3,0,0,0,1,6,1,554,2,1,yes
40,0,2,3,0,2,0,1,6,4,222,2,1,no
35,1,1,2,0,0,0,1,6,2,82,1,1,no
36,4,1,6,1,0,0,1,1,0,208,4,1,no
32,4,2,6,0,2,2,0,5,3,97,1,1,no
28,7,2,2,0,2,0,0,3,2,277,3,1,no
50,3,1,0,0,2,0,1,7,3,150,2,1,no
28,0,2,7,0,2,0,1,6,4,279,2,1,no
38,6,0,3,0,0,0,0,1,0,391,3,0,yes
33,0,2,3,1,1,1,0,1,2,381,3,1,no
39,1,0,1,1,2,2,1,6,4,36,1,1,no
54,7,1,3,0,2,0,0,1,3,136,5,1,no
31,9,1,6,0,2,0,0,7,0,105,4,0,no
31,0,2,3,0,0,0,0,3,3,140,3,1,yes
55,1,0,0,0,2,0,1,6,3,277,1,1,no
30,9,1,5,0,2,0,0,1,3,205,1,1,no
55,3,1,0,1,0,0,0,0,3,166,1,1,no
49,1,1,2,0,0,0,1,6,3,199,4,1,no
32,5,1,0,0,2,0,0,0,0,531,1,1,no
49,1,1,0,1,0,0,1,3,3,122,1,1,no
45,0,1,6,0,0,0,0,3,2,74,1,1,no
50,2,1,0,0,0,0,1,4,0,36,2,1,no
55,5,1,1,0,1,1,1,4,1,356,5,1,no
40,1,2,5,0,2,0,0,3,2,498,1,1,no
33,0,2,6,0,0,0,0,1,0,36,3,1,no
48,0,1,5,1,2,0,1,6,0,36,2,1,no
48,4,0,6,0,2,0,1,6,3,159,5,1,no
37,9,1,3,0,2,0,1,6,0,136,1,1,no
33,4,1,6,0,0,0,0,3,2,66,5,1,no
33,9,2,5,0,2,0,1,6,3,422,2,1,no
30,0,2,6,0,2,0,0,1,3,386,3,1,no
55,7,1,3,1,2,0,1,6,0,36,2,1,no
37,9,2,6,0,2,0,1,6,3,291,2,1,no
49,1,1,2,1,0,2,0,6,1,290,1,1,no
51,6,2,6,0,2,0,1,6,3,492,2,1,no
26,8,2,3,0,0,0,0,1,0,482,2,1,no
38,11,1,7,0,2,0,0,1,2,36,5,1,no
33,1,1,2,0,0,0,0,6,4,353,2,1,no
39,9,1,5,0,0,2,0,6,2,554,4,1,no
29,0,2,6,0,0,0,1,4,3,71,1,1,no
43,1,1,2,0,0,2,0,6,4,179,2,1,no
38,9,1,6,0,2,0,0,6,1,78,2,0,no
53,0,1,3,0,2,0,0,7,0,50,2,1,no
29,0,2,3,0,2,2,1,6,4,167,3,1,no
45,0,1,3,0,2,0,1,6,2,554,1,1,no
26,4,2,6,0,0,0,0,6,1,64,2,1,no
48,2,1,0,0,0,2,1,4,1,215,1,1,no
46,0,1,6,0,0,0,1,3,3,53,5,1,no
46,1,1,2,1,0,0,1,6,0,134,5,1,no
47,0,1,6,0,0,0,0,1,0,451,2,1,no
47,0,0,5,1,0,0,1,6,3,92,2,1,no
38,9,1,3,0,2,0,0,1,2,452,3,1,no
51,5,1,2,0,2,0,1,6,3,369,1,1,yes
47,0,1,3,0,0,0,1,6,4,465,5,1,no
42,1,1,0,1,0,0,1,4,2,236,1,1,no
48,0,0,3,0,0,0,1,6,3,233,2,1,no
55,4,2,0,0,0,0,1,4,4,205,4,1,yes
38,9,1,5,0,2,0,0,0,2,110,1,0,no
33,7,1,3,0,2,2,0,0,1,36,5,1,no
42,1,0,1,1,0,0,1,6,4,116,1,1,no
37,0,2,6,0,2,0,1,6,0,355,2,1,no
43,7,1,3,0,0,0,1,6,2,205,4,1,no
45,2,1,2,0,0,0,1,6,1,36,5,1,no
52,7,1,2,1,2,0,0,7,0,160,3,0,yes
31,9,2,5,0,0,0,1,3,0,141,2,1,no
33,0,1,6,0,2,2,1,9,4,396,2,1,no
55,9,1,5,0,2,0,0,3,2,224,1,1,no
55,9,0,0,0,2,0,1,6,2,452,2,1,no
42,0,2,6,0,0,0,0,1,3,105,2,1,no
46,0,2,6,0,0,2,0,7,3,173,1,0,no
28,1,1,3,0,0,0,1,4,2,419,4,1,no
26,8,2,3,1,2,0,0,6,3,338,4,1,no
30,0,2,6,0,2,0,1,0,3,554,2,1,no
40,7,1,3,1,2,0,1,6,4,248,2,1,no
30,9,2,6,0,0,0,0,0,4,80,5,1,no
55,5,1,2,0,0,0,0,1,1,248,3,1,no
36,0,1,3,1,0,0,0,6,1,36,5,1,no
36,1,1,2,0,2,0,0,0,3,226,1,1,no
39,0,0,2,0,0,0,1,6,4,363,1,0,yes
33,7,0,7,0,0,0,0,3,1,66,1,1,no
44,9,1,3,0,2,0,1,6,0,363,5,1,no
40,9,1,3,0,2,0,0,6,3,394,1,1,yes
55,5,1,7,0,0,0,0,1,4,68,3,1,yes
52,0,1,3,0,2,0,0,7,4,210,1,1,no
32,9,1,5,1,2,0,0,1,2,109,5,1,no
41,0,0,6,0,2,0,0,1,4,116,2,1,no
45,1,1,0,1,2,0,0,1,1,554,2,1,no
55,5,1,0,0,0,0,0,1,3,509,1,1,no
33,1,1,2,0,2,0,1,6,4,67,1,1,no
32,0,1,6,0,2,0,0,1,0,79,3,1,no
48,0,1,5,0,2,0,0,0,1,333,1,2,no
40,4,1,3,1,0,0,1,6,0,45,2,1,no
43,9,1,5,0,2,0,1,4,3,112,1,1,no
36,9,1,5,0,2,0,0,6,2,191,1,0,no
35,7,0,3,0,2,0,0,6,3,211,5,1,no
38,1,1,2,0,2,0,0,8,1,167,3,1,yes
37,7,1,3,0,1,1,1,4,0,283,3,1,no
40,9,2,6,0,2,2,0,7,0,44,1,1,yes
37,0,2,3,1,0,0,0,3,3,554,5,1,no
30,0,2,6,0,0,2,0,1,4,69,2,1,no
45,10,1,3,1,0,0,1,6,0,545,2,1,no
55,5,1,2,1,2,0,0,1,4,80,1,1,no
40,1,1,1,0,2,0,0,0,1,374,3,1,no
41,0,1,6,0,0,0,1,4,4,129,4,1,no
27,0,2,6,0,2,0,0,4,0,77,1,1,no
37,0,1,6,0,1,1,0,4,0,554,1,2,no
34,9,0,7,0,0,0,0,3,2,40,5,1,no
31,4,1,6,0,0,0,0,6,0,238,1,0,yes
31,6,2,6,0,2,0,0,7,1,412,1,1,no
31,10,2,5,0,0,0,1,6,4,83,1,1,no
38,1,2,2,0,2,0,1,4,0,38,5,1,yes
37,0,1,3,0,2,0,1,7,1,459,1,1,no
30,1,1,2,0,0,0,1,4,2,53,5,1,no
37,0,2,6,0,2,0,0,1,2,94,5,1,no
55,4,1,5,0,0,0,0,2,4,124,1,1,no
54,7,1,3,1,2,0,0,3,1,36,5,1,no
44,1,1,2,0,0,0,0,1,1,135,3,1,no
47,5,0,6,0,0,0,0,6,3,175,2,1,no
36,1,1,2,0,1,1,0,0,0,329,2,1,no
33,6,1,2,1,0,0,0,3,2,356,1,1,no
34,1,1,7,0,0,0,0,6,4,232,5,1,no
27,9,2,5,0,2,0,1,6,0,36,1,1,no
28,0,2,6,0,2,0,0,7,2,189,2,1,yes
29,0,1,6,0,2,0,0,6,1,87,2,1,no
29,0,2,6,1,2,0,0,1,0,156,1,1,no
55,2,1,6,0,0,0,0,3,4,101,1,1,yes
49,0,2,3,0,2,0,0,3,3,470,2,1,no
50,4,0,3,0,0,0,0,3,3,36,1,1,yes
41,4,1,1,0,2,0,1,6,4,554,1,1,no
35,9,0,5,0,2,0,0,1,3,536,2,1,no
26,6,2,6,0,2,0,1,6,4,158,2,1,no
54,0,1,3,0,0,0,0,8,4,252,2,2,yes
50,9,1,5,1,0,2,0,3,3,106,1,1,no
36,0,1,3,0,0,0,0,3,4,227,5,1,no
36,9,1,5,0,2,0,0,1,4,95,5,1,no
40,1,1,3,0,0,0,1,6,3,110,1,1,no
30,1,1,2,0,0,2,1,6,1,535,5,1,no
55,9,1,2,0,2,0,1,4,3,183,2,1,no
55,0,1,3,0,2,0,0,1,0,91,1,1,no
55,3,1,0,0,0,0,1,4,4,204,1,1,no
27,0,2,3,0,0,0,0,3,2,36,5,1,no
37,10,2,6,0,2,0,0,4,2,122,2,2,no
33,0,1,3,0,0,2,1,4,3,277,1,1,no
38,6,1,5,0,2,0,0,0,2,554,2,1,no
29,8,1,6,0,2,0,0,3,4,81,5,1,no
47,1,1,0,0,2,0,1,4,1,554,4,1,no
41,0,2,6,0,0,2,0,6,4,554,2,0,no
43,1,2,0,1,2,0,1,6,1,181,2,1,no
34,6,2,6,0,2,0,0,3,4,378,1,1,no
26,0,2,6,0,2,0,0,4,4,213,1,1,no
49,9,1,5,1,2,2,0,3,0,152,1,1,no
44,0,0,3,0,2,2,0,3,2,75,5,1,no
42,1,0,3,0,0,0,1,6,3,225,2,1,no
48,9,1,3,0,0,0,1,6,0,533,1,1,yes
33,1,1,2,1,0,0,1,6,2,413,1,1,no
43,1,1,2,1,2,0,1,6,0,226,2,1,no
52,0,1,5,0,0,0,0,9,4,554,2,1,no
53,0,1,1,0,2,0,0,0,0,100,1,1,no
26,10,2,3,0,2,0,1,3,0,36,1,1,yes
39,9,1,5,0,0,0,1,6,0,126,2,1,no
55,5,1,0,0,0,0,1,4,3,394,3,1,no
35,0,1,5,0,2,2,0,3,3,554,2,1,no
46,2,1,5,0,0,0,1,6,4,86,2,1,no
41,1,1,0,0,2,0,1,6,1,83,2,1,no
35,0,1,5,0,0,0,0,3,3,554,2,1,no
44,4,1,7,0,2,0,0,1,0,247,2,1,no
30,8,2,7,1,2,0,1,6,1,114,2,1,yes
41,3,1,6,1,0,0,1,6,0,199,3,1,no
42,0,1,3,0,2,0,0,7,0,36,2,1,no
53,4,1,3,0,0,0,0,7,2,227,1,1,no
37,9,1,5,0,2,2,0,7,1,79,1,1,no
47,9,1,5,0,0,0,0,3,1,208,5,1,no
55,1,1,0,1,2,0,0,1,3,147,3,1,no
37,4,2,2,0,0,0,0,6,1,261,1,1,no
55,1,1,2,1,0,0,1,6,2,97,1,1,no
35,2,2,6,0,0,0,0,3,1,120,3,1,yes
34,0,1,6,0,0,0,1,6,4,149,4,1,no
34,7,2,3,0,0,0,1,3,3,36,5,1,no
53,9,0,3,0,0,0,0,7,2,290,2,1,yes
31,6,1,6,0,2,0,1,7,1,69,1,1,yes
52,0,1,5,0,0,0,0,3,3,554,1,1,no
32,9,1,6,0,2,0,0,1,0,77,1,1,no
55,0,0,7,1,0,0,1,6,1,114,2,1,no
40,1,1,0,1,2,0,0,3,2,123,1,1,no
55,5,1,0,0,2,0,0,5,4,262,2,1,no
54,4,1,6,0,0,0,0,7,3,244,3,1,no
26,8,2,3,0,0,0,0,1,2,236,3,1,no
37,9,1,5,0,2,0,0,3,0,554,5,1,no
30,0,2,6,0,0,0,1,6,0,49,3,1,no
41,1,1,0,0,0,0,1,4,2,340,2,1,no
42,1,1,0,0,2,0,0,3,4,554,4,1,no
46,1,1,0,0,0,0,1,4,1,86,2,1,no
55,5,1,1,1,0,0,0,3,0,95,1,1,no
44,10,1,3,0,2,0,0,1,2,146,1,1,yes
50,9,2,6,0,2,0,0,3,3,89,2,1,no
37,0,0,3,0,2,0,0,0,0,554,2,1,no
26,8,2,3,0,1,1,1,4,3,554,2,1,no
53,7,1,3,1,2,0,0,3,1,153,1,1,no
52,9,1,3,0,2,0,1,6,1,503,2,1,no
30,9,2,5,0,2,0,0,7,2,127,2,0,no
34,1,0,5,0,0,0,1,4,0,36,5,1,yes
36,1,1,0,1,2,0,0,3,3,221,1,1,no
35,0,1,6,0,2,0,0,6,1,109,1,1,no
34,0,1,3,0,0,0,1,6,4,357,1,1,no
38,0,1,6,0,0,0,0,1,2,395,1,1,no
34,9,2,6,0,2,0,0,1,2,554,1,1,no
42,1,1,0,0,2,0,1,4,2,168,2,1,no
30,1,1,1,1,2,0,1,4,3,482,2,1,no
52,2,1,2,1,2,0,1,6,4,176,2,1,no
42,0,2,6,1,2,0,1,6,2,554,2,1,no
36,9,0,5,0,1,1,0,6,0,327,3,0,no
27,0,2,3,0,0,2,0,1,2,255,2,0,no
36,0,1,6,0,0,0,1,6,1,188,1,1,no
52,1,1,2,0,0,0,0,6,1,182,2,1,no
32,0,2,6,0,2,0,0,2,3,449,2,1,no
55,6,1,3,0,2,0,0,1,2,210,2,1,no
28,7,2,2,0,0,0,1,4,2,178,2,1,yes
27,8,2,6,0,2,0,0,8,0,161,1,0,no
55,9,2,5,1,2,0,1,4,4,64,1,1,yes
47,9,1,5,0,2,0,0,1,1,139,3,1,no
51,7,1,5,1,0,0,1,6,0,328,5,1,no
29,0,1,3,0,0,0,0,1,1,128,2,1,no
45,9,0,6,1,2,0,0,6,0,84,1,0,no
30,1,2,2,0,2,0,0,3,2,45,1,1,no
31,11,2,3,0,0,0,0,6,1,140,5,2,no
39,1,1,1,1,2,0,1,4,1,132,4,1,no
38,0,1,3,0,2,0,1,7,4,125,1,1,yes
35,0,2,6,0,2,0,0,7,4,273,2,1,no
31,0,1,7,0,2,0,0,6,4,36,5,0,no
50,3,1,0,0,0,0,0,1,1,72,2,1,no
36,0,2,6,0,0,0,0,7,2,228,1,1,no
42,0,1,6,0,0,0,0,1,4,273,5,1,no
29,0,0,6,0,2,0,0,4,4,238,3,1,yes
33,2,2,3,0,2,2,0,6,4,328,2,1,no
55,11,1,5,0,0,0,0,4,2,277,3,1,no
39,8,2,7,0,2,0,0,4,0,474,3,1,no
45,1,1,1,0,2,0,0,0,1,170,1,0,no
30,1,1,0,1,2,0,1,6,2,162,2,1,no
55,5,1,0,0,2,0,0,3,0,554,2,0,no
55,5,1,6,0,0,0,1,6,2,425,5,1,no
42,1,1,0,1,2,0,1,4,2,554,1,1,no
29,7,1,3,0,2,0,1,6,3,275,1,1,no
36,2,1,6,0,0,2,0,3,4,56,1,1,no
51,9,1,5,0,2,0,0,3,3,248,2,1,no
33,7,1,3,0,2,0,0,0,2,554,2,0,no
55,5,1,3,0,0,0,1,6,4,278,2,1,no
47,2,0,6,0,0,0,0,7,3,62,2,0,no
51,0,1,3,0,0,2,0,7,3,118,2,0,no
28,9,1,2,0,1,1,0,3,1,153,2,1,no
55,0,1,3,0,0,0,1,3,2,487,5,1,yes
31,0,1,6,0,1,1,0,5,3,207,1,1,no
40,3,2,6,0,0,2,1,6,4,502,1,1,no
50,1,1,2,0,2,0,1,6,2,135,2,1,no
55,0,1,6,0,2,0,0,6,1,554,2,1,no
37,9,1,5,0,0,0,0,0,2,277,1,2,no
55,5,1,0,0,0,0,0,1,3,554,5,1,no
29,0,2,6,0,2,0,0,1,4,243,1,1,no
45,7,0,3,0,0,0,1,6,4,111,5,1,no
50,0,0,6,0,2,0,0,1,3,36,5,1,no
26,4,2,6,0,1,1,0,4,3,106,1,1,no
44,1,1,0,1,2,0,1,6,1,181,1,1,no
36,1,1,3,0,0,2,1,4,0,164,3,1,no
33,9,1,5,0,2,0,0,6,1,554,2,1,no
26,0,2,6,0,0,0,0,1,2,99,1,0,no
36,4,0,5,0,0,0,0,7,3,75,2,1,no
34,7,1,3,0,0,0,1,6,1,97,3,1,no
55,5,1,0,1,0,0,0,1,2,97,2,1,no
39,6,1,0,1,2,0,1,6,4,177,2,1,no
33,4,2,5,0,2,0,0,7,2,36,5,1,no
39,9,1,5,0,2,0,1,6,0,435,1,1,no
55,5,0,0,0,0,2,0,0,3,342,1,1,no
39,4,2,6,1,0,0,0,0,2,370,1,0,no
33,0,1,6,0,2,0,0,4,3,64,1,1,no
44,1,1,1,0,2,2,0,7,0,36,2,1,no
35,7,1,3,1,2,0,1,4,2,107,1,1,no
55,0,0,3,1,2,0,1,3,3,184,2,1,no
33,10,1,6,0,2,2,0,1,0,78,1,1,yes
35,4,2,6,0,0,2,0,7,1,214,1,1,yes
48,0,1,3,0,0,0,1,6,3,82,1,1,no
34,0,1,6,0,0,0,0,1,4,358,3,1,no
32,3,1,6,0,2,0,1,4,4,52,1,1,no
29,10,2,6,0,0,0,1,6,2,297,1,1,no
37,9,1,5,0,0,0,0,1,4,157,3,2,no
46,6,1,6,0,2,0,0,1,2,140,3,1,no
26,8,2,3,0,0,0,1,7,3,345,2,1,no
30,4,2,6,0,0,2,1,6,4,554,5,1,no
49,10,1,0,1,2,2,0,3,3,212,5,1,no
45,1,1,0,1,2,0,0,3,1,98,3,1,no
37,8,2,6,1,0,0,1,6,2,149,1,0,no
43,4,1,7,0,2,2,0,3,4,554,1,1,yes
41,1,1,0,0,2,0,0,3,1,554,3,1,no
53,6,1,6,0,2,0,0,1,0,47,2,1,no
51,0,1,0,1,2,0,1,6,4,554,3,1,no
34,9,0,5,0,2,0,0,1,0,554,5,1,no
36,0,1,3,1,2,2,0,6,1,47,4,1,no
33,7,1,3,0,1,1,0,1,2,240,2,1,no
32,6,2,6,0,0,0,0,3,2,276,2,1,no
36,0,2,6,0,0,0,0,1,4,142,1,1,no
45,2,1,2,0,0,0,1,6,1,249,4,1,no
30,0,2,6,0,0,0,0,1,2,122,5,1,no
41,9,1,6,0,0,0,0,0,3,219,1,1,yes
26,0,1,2,0,2,0,0,6,4,302,1,2,no
28,0,1,6,0,2,0,0,1,1,226,3,0,no
46,1,1,1,1,0,0,0,1,4,151,1,1,no
37,2,0,3,0,0,2,0,3,4,245,1,1,no
36,3,0,2,1,0,0,1,6,4,179,2,1,no
26,8,2,3,0,2,2,0,9,4,251,2,2,no
55,5,1,2,0,2,0,0,0,2,510,1,1,no
52,4,0,6,0,2,0,1,6,3,342,4,1,yes
45,9,0,5,0,2,0,1,4,3,157,2,1,no
31,9,1,5,1,2,2,0,1,1,67,2,1,no
55,2,0,5,0,0,0,1,3,4,117,4,1,yes
39,3,1,0,0,0,0,0,3,4,102,1,1,no
34,4,2,7,0,2,0,0,3,3,288,1,1,no
29,2,2,0,0,0,0,0,7,0,100,1,1,yes
35,4,0,6,0,0,0,0,1,1,83,5,1,no
32,7,1,1,1,2,0,1,7,3,162,2,1,no
40,1,1,2,0,0,0,1,3,0,304,3,1,no
29,0,2,3,0,0,0,0,6,0,113,4,1,no
38,6,1,6,1,0,0,1,4,1,96,5,1,no
40,9,0,6,0,2,0,0,0,2,335,1,1,no
31,7,1,3,0,2,0,0,4,4,554,2,1,no
55,1,2,0,0,2,0,0,0,4,171,2,1,no
41,0,0,3,0,0,0,0,3,4,364,1,1,yes
29,9,2,5,0,2,2,1,6,2,118,4,1,no
33,0,2,6,0,2,0,0,6,2,320,1,1,no
39,1,1,0,0,0,0,0,6,0,180,2,1,no
48,9,1,3,0,2,0,0,8,2,215,2,1,yes
40,4,1,6,0,0,2,0,3,3,554,1,1,no
36,7,1,2,0,0,2,0,6,4,36,2,1,no
38,1,1,2,1,0,0,1,3,4,36,3,1,no
31,9,2,5,1,2,0,0,1,2,161,3,1,no
34,0,1,6,0,2,0,0,7,1,92,1,1,no
34,9,2,6,0,0,0,0,1,1,262,3,1,no
35,2,1,5,0,2,0,1,6,2,36,5,1,no
33,1,1,2,0,0,0,0,1,0,99,1,0,no
32,9,2,3,0,2,0,0,6,3,361,2,1,yes
55,1,1,2,0,0,0,0,6,3,554,1,1,no
52,9,1,5,1,2,0,0,1,2,36,5,1,no
47,1,2,2,0,2,0,1,6,2,54,1,1,yes
26,0,2,6,0,2,0,1,0,1,86,1,1,no
45,4,1,6,0,2,2,0,0,0,362,1,0,no
32,2,2,3,1,2,2,0,7,0,64,5,1,yes
34,9,1,6,0,2,0,0,3,0,133,2,1,no
55,4,1,6,1,2,2,0,7,0,36,2,0,no
46,0,2,6,0,1,1,0,1,4,311,5,1,no
29,0,2,3,0,2,2,0,1,2,150,1,1,no
33,9,1,3,1,0,2,0,1,4,212,1,1,no
43,4,1,3,0,2,0,0,7,2,177,1,0,no
43,1,1,3,0,0,0,0,3,0,297,2,1,no
42,9,1,5,0,2,0,0,1,4,554,2,1,yes
40,0,1,2,1,2,0,1,6,1,554,2,1,no
32,0,1,6,0,2,2,0,4,3,384,1,1,no
31,9,2,2,0,2,0,0,6,2,479,1,2,no
31,1,1,1,0,0,0,1,4,0,554,5,1,no
40,2,1,0,1,2,0,0,3,4,448,2,1,yes
45,9,1,6,0,2,0,0,7,4,359,1,1,yes
36,7,1,6,0,2,0,0,7,4,37,2,1,no
52,7,1,6,0,2,0,1,6,4,370,1,1,no
35,4,1,6,0,2,2,0,3,0,554,1,1,no
41,1,1,2,1,2,0,1,7,1,184,4,1,no
26,6,1,6,0,2,0,1,4,4,106,1,1,no
34,4,1,6,0,0,0,0,7,2,554,1,1,no
35,1,1,2,0,2,0,1,3,2,268,5,1,no
50,3,1,2,0,2,0,0,1,2,36,5,1,no
47,0,1,6,0,2,0,0,3,3,194,3,1,no
28,4,2,2,0,0,0,1,4,4,466,2,1,no
43,1,1,7,0,2,0,0,3,2,172,3,1,no
42,0,2,7,1,0,0,1,6,4,126,1,1,no
49,2,1,0,1,2,0,0,6,4,491,2,1,no
55,0,1,6,1,0,0,0,3,1,257,5,1,no
54,9,1,6,0,2,0,1,6,4,464,1,1,no
30,1,1,2,0,2,0,0,6,2,36,5,0,no
39,0,1,3,0,0,0,0,7,1,148,1,0,no
30,0,0,3,0,2,0,0,7,2,48,2,1,no
47,0,1,6,0,0,0,1,4,0,134,1,1,no
36,1,1,0,1,0,0,0,6,3,246,1,0,no
53,0,0,6,0,1,1,0,1,0,91,5,1,no
52,4,1,0,1,0,0,1,6,1,88,5,1,no
43,9,1,5,0,0,0,0,9,3,293,1,1,no
48,9,1,6,0,2,0,0,1,0,112,2,1,no
55,9,2,5,0,2,2,1,7,0,54,4,1,yes
55,4,1,6,0,0,0,0,7,4,108,4,0,yes
33,1,1,1,0,2,0,0,6,2,375,1,1,no
35,1,2,5,0,2,0,1,6,2,99,1,1,no
38,1,1,1,0,0,0,1,4,1,144,2,1,yes
35,9,1,5,0,2,0,0,3,3,157,5,1,yes
33,0,1,6,0,0,0,0,1,4,554,5,1,no
53,7,1,1,0,2,0,0,6,0,133,1,1,no
55,5,1,0,0,2,0,1,0,3,268,2,0,no
32,9,1,5,0,0,0,1,6,4,293,2,1,no
41,0,1,3,0,2,0,1,6,2,471,1,1,no
29,1,2,3,1,2,0,1,6,2,133,2,1,yes
37,7,2,2,0,2,0,1,6,0,320,2,1,no
41,1,1,2,0,2,0,0,6,1,295,1,1,no
34,9,1,5,0,2,0,0,3,4,99,5,1,no
39,1,2,2,0,2,0,0,6,1,333,1,1,no
40,0,2,3,0,2,0,0,4,3,145,1,1,no
50,0,1,3,0,0,0,0,1,1,104,1,1,no
38,9,1,2,0,0,0,1,6,2,514,3,1,no
37,2,1,6,0,0,0,0,7,4,184,4,1,no
54,3,1,2,0,2,2,0,7,4,133,2,1,no
50,10,1,2,1,2,0,1,1,2,192,1,1,no
36,7,2,3,0,2,0,0,6,4,66,4,1,no
46,9,2,6,0,0,0,0,1,2,119,3,1,no
